Date,actual_dir,next_ret,prob_Logit,prob_RandomForest,prob_XGBoost
2023-12-11,1,0.004556800061528143,0.017172065308877972,0.43108955662339077,0.33469483256340027
2023-12-12,1,0.013695890775360375,0.02015661940915872,0.4017657705522805,0.2821420431137085
2023-12-13,1,0.003204143678724236,0.015095056663286506,0.35370183848261355,0.41601234674453735
2023-12-14,0,-0.0016478572777041123,0.007739152858053779,0.34072800188324875,0.45948851108551025
2023-12-15,0,0.0,0.007965990835708862,0.29538106085867694,0.07248502224683762
2023-12-16,0,0.0,0.005508031593957619,0.27742789167736276,0.021954001858830452
2023-12-17,1,0.005609437003128548,0.008162181595908452,0.36058756748635545,0.23223832249641418
2023-12-18,1,0.006062453400020651,0.00963300187552092,0.43762367060206914,0.22325123846530914
2023-12-19,0,-0.013954157397648714,0.010438700734068308,0.44268621866619495,0.37188246846199036
2023-12-20,1,0.00943721860601876,0.02055842403622678,0.3739077606771189,0.4804127514362335
2023-12-21,1,0.0020077231427064746,0.006607649854431127,0.35979958919228894,0.32743775844573975
2023-12-22,0,0.0,0.004095512854910169,0.28858690913623297,0.04650932550430298
2023-12-23,0,0.0,0.006668474833394221,0.2304407790953154,0.026046274229884148
2023-12-24,0,0.0,0.010243717969582705,0.35836312126625997,0.3762159049510956
2023-12-25,1,0.0042135859713372525,0.013638710619214234,0.4252107165230683,0.17360927164554596
2023-12-26,1,0.0018065029186233872,0.014717860009937002,0.4210887210768663,0.26640182733535767
2023-12-27,1,0.00037759164159822944,0.010532616318576934,0.4249982405416087,0.409965842962265
2023-12-28,0,-0.0028991791588577343,0.016531829206973072,0.3951928372319929,0.2869393825531006
2023-12-29,0,0.0,0.025053762107161235,0.38466765913005835,0.486643522977829
2023-12-30,0,0.0,0.05253184561556605,0.28162078129179724,0.03830806538462639
2023-12-31,0,0.0,0.012770590224128667,0.378503163558407,0.2524462938308716
2024-01-01,0,-0.005611970980064385,0.021426334148348828,0.39402978410956907,0.3653181493282318
2024-01-02,0,-0.008200323021069877,0.029294779484088013,0.4337594463085357,0.41659820079803467
2024-01-03,0,-0.003226358850096922,0.02806684565436202,0.46042569960324564,0.34821897745132446
2024-01-04,1,0.0013688357345182922,0.01682585764476483,0.42394191299718886,0.55476313829422
2024-01-05,0,0.0,0.01738849367717469,0.3801506847564503,0.4073024094104767
2024-01-06,0,0.0,0.017428324311268343,0.29605364876333196,0.0331529900431633
2024-01-07,1,0.014175016009974506,0.030629632007553836,0.3855012577132259,0.5637070536613464
2024-01-08,0,-0.0015182797494990297,0.04314116242959575,0.39846434859484053,0.37040409445762634
2024-01-09,1,0.005639492476872121,0.03992807223056936,0.3945169761430592,0.25363853573799133
2024-01-10,0,-0.000440756395643227,0.03031183019691927,0.36491330720550574,0.4077279269695282
2024-01-11,1,0.0006924736136673104,0.033309862922618325,0.34772932564668174,0.5359784960746765
2024-01-12,0,0.0,0.025942276080729635,0.30313969057420537,0.03767886385321617
2024-01-13,0,0.0,0.031355743529505424,0.31753972981976786,0.05192377790808678
2024-01-14,0,0.0,0.033231427826329506,0.36432963643637856,0.41173502802848816
2024-01-15,0,-0.0036778378788095978,0.034890228574552117,0.39123032871823044,0.37595313787460327
2024-01-16,0,-0.005574245623104268,0.05064885894819781,0.42053536660305185,0.3998022675514221
2024-01-17,1,0.008853425196637232,0.04753748359994224,0.44632253924381315,0.3214607834815979
2024-01-18,1,0.01238903800563218,0.047696977481292216,0.37722028040150785,0.5375581383705139
2024-01-19,0,0.0,0.021696531048317452,0.3391152949383988,0.3253653347492218
2024-01-20,0,0.0,0.013751504860993545,0.25306397275197096,0.036152858287096024
2024-01-21,1,0.0021123114033674284,0.016965151349892217,0.36854848760463566,0.3639081120491028
2024-01-22,1,0.002912263267380588,0.015246130214486968,0.35277505278511173,0.34394386410713196
2024-01-23,1,0.001092443430432688,0.028311550625695906,0.37428436565270906,0.2347451150417328
2024-01-24,1,0.005424147545689095,0.02955643695035638,0.39096249468890387,0.37828871607780457
2024-01-25,0,-0.0012712187588084234,0.01777093902500438,0.3943705067388547,0.42405378818511963
2024-01-26,0,0.0,0.015406294585001788,0.3464300517925196,0.07302436232566833
2024-01-27,0,0.0,0.019773132820934236,0.2915513783120423,0.029511431232094765
2024-01-28,1,0.007888159522517313,0.027571959379438914,0.3652936791281276,0.2691507041454315
2024-01-29,0,-0.0007737186864149592,0.023015847588079955,0.39780877984072094,0.4194266200065613
2024-01-30,0,-0.016451893557120734,0.027147294306672128,0.4405387149212394,0.34904998540878296
2024-01-31,1,0.013003211698954686,0.011563118775290277,0.3576774893784359,0.3582320213317871
2024-02-01,1,0.010472459664550904,0.00024512150833863844,0.3311852367463364,0.26237067580223083
2024-02-02,0,0.0,0.00011460695621754597,0.2665030071580375,0.05348914861679077
2024-02-03,0,0.0,0.00016312097817863748,0.26260025507325735,0.03141282498836517
2024-02-04,0,-0.003647808850070433,0.00017871175355017274,0.36919301417698286,0.40774238109588623
2024-02-05,1,0.0028990358034040042,0.0002641927531698925,0.37711432690631724,0.261959969997406
2024-02-06,1,0.008305929761619701,0.00032702138375172754,0.39971748431798076,0.27096185088157654
2024-02-07,1,0.0004413992256955268,0.0003722741794840381,0.38022992722275284,0.4307969808578491
2024-02-08,1,0.0057627622690681335,0.0002905293671002423,0.340568337478135,0.5224764347076416
2024-02-09,0,0.0,0.00020017899951463642,0.33371037601078546,0.05499833822250366
2024-02-10,0,0.0,0.00019725782715515817,0.25264761083529985,0.03923216089606285
2024-02-11,0,-0.000438987489774334,0.00027809293878247615,0.38284455346721075,0.3387756049633026
2024-02-12,0,-0.013868752851984745,0.00046584130074217865,0.42263791114298355,0.34678056836128235
2024-02-13,1,0.009046500390880396,0.0010966811883953524,0.40303965263085134,0.22102323174476624
2024-02-14,1,0.006876043403288179,0.00036507024869727127,0.36588755903108344,0.382534921169281
2024-02-15,0,-0.00499236122331137,0.00024083236142718065,0.341579543354355,0.5531902313232422
2024-02-16,0,0.0,0.00019559666289631163,0.3279830842143653,0.09763966500759125
2024-02-17,0,0.0,0.00012876530409123248,0.2757589051767051,0.028434833511710167
2024-02-18,0,0.0,0.00024075954757120857,0.3554180528085113,0.2875777781009674
2024-02-19,0,-0.005520506812486836,0.0004095571781888355,0.41215762053159577,0.16784557700157166
2024-02-20,1,0.0009053542675561133,0.0005412822431682183,0.4435363685011064,0.3338709771633148
2024-02-21,1,0.020484232900890298,0.0006219499873695727,0.43491487298062576,0.3970780074596405
2024-02-22,1,0.0006893782079977484,0.0005666007543360577,0.3514929487634984,0.32464396953582764
2024-02-23,0,0.0,0.00024558226606403625,0.3156224494056879,0.5158759355545044
2024-02-24,0,0.0,0.00028970335599181224,0.2677944059816669,0.03117692470550537
2024-02-25,0,-0.003669276694659551,0.0003568637128728315,0.3701720201339675,0.20206744968891144
2024-02-26,1,0.0018560849550430802,0.00038022251625930933,0.3952936129842232,0.2212834507226944
2024-02-27,0,-0.0013225210341047955,0.0003539574002450518,0.4241749598459306,0.34359049797058105
2024-02-28,1,0.0035885746232269256,0.0003429602006164242,0.39059708099832635,0.5457166433334351
2024-02-29,1,0.009344418515572883,0.003338795182299964,0.3520002839714567,0.5237908363342285
2024-03-01,0,0.0,0.0009727823113007494,0.34366631223668387,0.07175740599632263
2024-03-02,0,0.0,0.0006169253501421319,0.27058318235796697,0.03393992409110069
2024-03-03,0,-0.0010730313826750049,0.0007464507042784235,0.420673007673964,0.40053409337997437
2024-03-04,0,-0.01004431079591761,0.0007424380133547886,0.43055326211761064,0.4097195267677307
2024-03-05,1,0.0050544206896692145,0.001495451831683217,0.39509663134530143,0.2569687068462372
2024-03-06,1,0.00987734671573115,0.0009281642663785715,0.3784112569501991,0.3953533172607422
2024-03-07,0,-0.006020221113596236,0.000718984910712797,0.3454628759360162,0.4902643859386444
2024-03-08,0,0.0,0.0005421322032802425,0.33143561788789355,0.09304329752922058
2024-03-09,0,0.0,0.0004023405265635714,0.28763181848757247,0.02694493904709816
2024-03-10,0,-0.0008602291871415702,0.0006813780853316824,0.37327827082321285,0.25040143728256226
2024-03-11,1,0.010699798254134585,0.0009936293563014866,0.40989137783397894,0.4934139847755432
2024-03-12,0,-0.0015684933655615296,0.0011227204232614923,0.40053775263304586,0.23665393888950348
2024-03-13,0,-0.001978742809361833,0.0010521136366931768,0.3851288329152691,0.48969849944114685
2024-03-14,0,-0.006890282967908057,0.001113381574354063,0.38367554875937215,0.5146400332450867
2024-03-15,0,0.0,0.0009972453730993209,0.36140258139339215,0.05921439081430435
2024-03-16,0,0.0,0.0004803717124173847,0.26485355531489957,0.028045417740941048
2024-03-17,1,0.0059254380743984925,0.0006508811496175555,0.39692471649415756,0.4019310474395752
2024-03-18,1,0.005541810274073633,0.0008053463998311164,0.4259900130020107,0.45437702536582947
2024-03-19,1,0.009206762968219984,0.0008050483655530937,0.4083810817581322,0.2888961732387543
2024-03-20,1,0.0032992599538710365,0.0004795415135977714,0.3482662628940817,0.3954136073589325
2024-03-21,0,-0.0018977099532220265,0.0002830405701533188,0.3359592356645794,0.37426871061325073
2024-03-22,0,0.0,0.00017685884353061524,0.31135271269072434,0.0547017976641655
2024-03-23,0,0.0,0.0002605052280366936,0.29557554501083694,0.025861604139208794
2024-03-24,0,-0.0027663947115099674,0.0004154072454037607,0.3995245696679291,0.307135671377182
2024-03-25,0,-0.001848925635075993,9.236908112150778e-07,0.36345182670399623,0.5327677726745605
2024-03-26,1,0.008368845681082426,0.020194875055075803,0.43131337992521557,0.4997806251049042
2024-03-27,0,-0.00019128339954743723,0.000561596705531421,0.39088288454091225,0.36602815985679626
2024-03-28,0,0.0,0.00014485106337861403,0.3291277227170678,0.3829766809940338
2024-03-29,0,0.0,0.00013101461993453902,0.32707109699070586,0.07065349817276001
2024-03-30,0,0.0,0.0016874966970506684,0.3849868995698999,0.2250472605228424
2024-03-31,0,-0.0017412189950345436,0.04595013368037009,0.36646178268205726,0.17867861688137054
2024-04-01,0,-0.00637832053728804,0.004450489532237388,0.42186691563351736,0.536967933177948
2024-04-02,1,0.0010978209049694598,0.004361498736042252,0.4152588209314597,0.479912132024765
2024-04-03,0,-0.012281127169429418,0.001826222031886257,0.38247703998918814,0.45432984828948975
2024-04-04,1,0.01039262995878687,0.002538655705911424,0.36394689940249747,0.35392436385154724
2024-04-05,0,0.0,0.001853686087167608,0.3585380078020032,0.06735990196466446
2024-04-06,0,0.0,0.0008922697195382803,0.2892675385204204,0.03039521723985672
2024-04-07,1,0.000559107484936483,0.0016924281888088118,0.37976688145911425,0.3505082130432129
2024-04-08,1,0.0011561043424537232,0.0019310628708422,0.3852458819008148,0.34270137548446655
2024-04-09,0,-0.0100634863429514,0.0031287831774129697,0.41321245433393533,0.26449868083000183
2024-04-10,1,0.007518410888712523,0.005887090184747546,0.4099642352852718,0.44412654638290405
2024-04-11,0,-0.013899132940491832,0.0012419857739326401,0.3799439927019365,0.3285225033760071
2024-04-12,0,0.0,0.0013857622724518864,0.3349450811011339,0.051034994423389435
2024-04-13,0,0.0,0.0006331366396092662,0.285865274202778,0.028991011902689934
2024-04-14,0,-0.012607239535031844,0.0008532011230597123,0.40026869648608676,0.43582555651664734
2024-04-15,0,-0.0018254760285403293,0.00197771794110144,0.3861236405468752,0.4683326780796051
2024-04-16,0,-0.005935822699166593,0.0015564515713631232,0.43335376883520094,0.48563194274902344
2024-04-17,0,-0.0020598467928225617,0.002386622146923062,0.41775516940876967,0.6145002841949463
2024-04-18,0,-0.00876662537936923,0.00217632119660092,0.3735997841749773,0.4145151674747467
2024-04-19,0,0.0,0.0015796293938239025,0.3859522081693189,0.0576908253133297
2024-04-20,0,0.0,0.0022737425745457374,0.3147413956447398,0.032991599291563034
2024-04-21,1,0.009166936223140354,0.00378859849047672,0.40568685023203893,0.30227378010749817
2024-04-22,1,0.01179681539403088,0.005941506584048693,0.4186536750220475,0.4125085771083832
2024-04-23,0,-0.0004747199947718883,0.0036181154890887702,0.37264472409518457,0.32892557978630066
2024-04-24,0,-0.003806205211385638,0.002788600193175306,0.35745530258209507,0.47678110003471375
2024-04-25,1,0.009429351780170236,1.77085450346378e-05,0.369194780438702,0.3145102262496948
2024-04-26,0,0.0,0.00014363529076018988,0.31680414693972336,0.05185900256037712
2024-04-27,0,0.0,0.0014862599977759853,0.2704121007533281,0.029225008562207222
2024-04-28,1,0.003535173649841461,4.343776147416223e-06,0.381463152477977,0.41614633798599243
2024-04-29,0,-0.0159680295348954,0.00016658012130924923,0.4329477667309673,0.32947489619255066
2024-04-30,0,-0.003252434588917552,0.003245965403856128,0.39332994600700416,0.2488250732421875
2024-05-01,1,0.009310058193225501,0.0009859439029632538,0.40808196041387845,0.5241243839263916
2024-05-02,1,0.012319103180349344,0.0006397292729283226,0.3414989389532156,0.3429526090621948
2024-05-03,0,0.0,0.00025201240475332496,0.28456425091945975,0.04663518816232681
2024-05-04,0,0.0,0.00017745060933721212,0.26878638506286157,0.031816598027944565
2024-05-05,1,0.01027377644088645,0.0003110684903794761,0.37580487807518126,0.41456368565559387
2024-05-06,1,0.0011028239492434366,0.0001487685177154472,0.3482664600818747,0.2516258656978607
2024-05-07,1,9.665231507227645e-05,0.00022771852221189386,0.35474471593968937,0.3607119917869568
2024-05-08,1,0.005745391844589776,0.000493702232820957,0.3441150169148245,0.38914552330970764
2024-05-09,1,0.0012872748543930612,0.0003082915087840951,0.37049872701947817,0.41357728838920593
2024-05-10,0,0.0,0.00018926027993789945,0.328330144892504,0.05852467939257622
2024-05-11,0,0.0,0.00022038842279968764,0.30164863084373544,0.0369916595518589
2024-05-12,1,0.00013425343064810136,0.0002711770876400172,0.40494997619234385,0.4153652489185333
2024-05-13,1,0.00457782038722776,0.00029417314897688395,0.4086169098405856,0.17928119003772736
2024-05-14,1,0.012306865030750735,0.00040798626762723905,0.39732754350620353,0.2532462179660797
2024-05-15,0,-0.0020596643455439434,0.0002335588452946696,0.35918866359853074,0.44771304726600647
2024-05-16,1,0.0014366012894226898,0.0001714581740824585,0.3501262508479826,0.6291171908378601
2024-05-17,0,0.0,0.00011893027096533733,0.34763278451633,0.1426520198583603
2024-05-18,0,0.0,8.688034740869214e-05,0.2773410499792212,0.029473066329956055
2024-05-19,1,0.0011515005622797503,0.00013402647111424878,0.3787298679531467,0.4440048336982727
2024-05-20,1,0.0024494134752481855,0.00017933729263152433,0.40976570093844444,0.3781222403049469
2024-05-21,0,-0.002883445586634892,0.00017112263738692376,0.3964840112916575,0.2634641230106354
2024-05-22,0,-0.007330960579578161,0.0002557689734728723,0.4034236135328081,0.5212231874465942
2024-05-23,1,0.006594480123547797,0.000325875830108587,0.4188142676508588,0.4568662941455841
2024-05-24,0,0.0,0.00023824905333201274,0.2941743080649445,0.03955434635281563
2024-05-25,0,0.0,0.000568237666301396,0.2563731716291193,0.027241338044404984
2024-05-26,0,0.0,0.016255112493844676,0.3604197106914707,0.34570518136024475
2024-05-27,1,0.0006986013619645348,0.0036561905956662708,0.4027791516262371,0.3529829680919647
2024-05-28,0,-0.007027087116654229,7.17784265605527e-05,0.3842228141161093,0.26668623089790344
2024-05-29,0,-0.006655745224658283,8.141040150103073e-05,0.4310560744728407,0.3838590681552887
2024-05-30,1,0.00906690709712965,3.3391565188980835e-05,0.4165504749730848,0.483581006526947
2024-05-31,0,0.0,3.1414200570635026e-05,0.3567868601373425,0.45317450165748596
2024-06-01,0,0.0,0.004051577705425737,0.2517268162786562,0.029815008863806725
2024-06-02,1,0.0008150657006877893,0.0047613743229084834,0.3872928223267394,0.48812341690063477
2024-06-03,1,0.0011171173570145854,0.007014777668845246,0.40225989336415324,0.39251482486724854
2024-06-04,1,0.011815092894935653,0.012239449509187886,0.41070940681488005,0.3105148673057556
2024-06-05,0,-1.89433249637716e-05,0.015986314376835287,0.3749332966753381,0.3767436742782593
2024-06-06,0,-0.0012162809014695242,0.008063870776269359,0.30256607497493637,0.20782920718193054
2024-06-07,0,0.0,0.009049654104830324,0.3810771380148582,0.564660906791687
2024-06-08,0,0.0,0.009434669171423849,0.3500442350291926,0.092658631503582
2024-06-09,1,0.003085029358506297,0.010308514153596534,0.38730924258420985,0.5764213800430298
2024-06-10,1,0.0024054409931384413,0.01178417242496672,0.41226686767682885,0.2958756685256958
2024-06-11,1,0.008179420395108217,0.008395164012872458,0.40805457036582843,0.2969382107257843
2024-06-12,1,0.002011508440890708,0.008153576169894991,0.3734944001540754,0.34680813550949097
2024-06-13,1,0.0006083660892199916,0.0050037302176425295,0.3491318591467047,0.36201012134552
2024-06-14,0,0.0,0.004227915303474511,0.31777502276546105,0.03523977845907211
2024-06-15,0,0.0,0.005649220849255902,0.29852548619058616,0.029924612492322922
2024-06-16,1,0.007927373842980145,0.006958675063656985,0.3935882559927522,0.4287121891975403
2024-06-17,1,0.002537368810662244,0.00821025364794079,0.4035101098005675,0.2533976435661316
2024-06-18,0,0.0,0.0069449420611889245,0.3983255196715927,0.3904722332954407
2024-06-19,0,-0.0027202276049829166,0.006155103253147359,0.3109156058244147,0.22350072860717773
2024-06-20,0,-0.001341605662628531,0.005374132574477338,0.41666249304764486,0.48200806975364685
2024-06-21,0,0.0,0.005165512158060335,0.40697635273508986,0.2678665220737457
2024-06-22,0,0.0,0.006147670665738459,0.3136109659590144,0.029394568875432014
2024-06-23,0,-0.0032559218692771452,0.007106983492352808,0.3812801498124044,0.3216644823551178
2024-06-24,1,0.0038435676634742677,0.007163803250016995,0.4195639993671325,0.36374154686927795
2024-06-25,1,0.0012472591725547488,0.007861779280833148,0.40503809883808756,0.24996060132980347
2024-06-26,1,0.0015751679490803028,0.001287260257497823,0.37448450504252845,0.3856300413608551
2024-06-27,0,-0.003942753597242721,0.0015656262252089301,0.368593160236498,0.36807993054389954
2024-06-28,0,0.0,0.0004935839776461415,0.36867946229087684,0.05275937542319298
2024-06-29,0,0.0,0.0008558862768825784,0.3073659272195604,0.021287303417921066
2024-06-30,1,0.002055773821844298,0.00010128113968959539,0.3770887120185211,0.367525577545166
2024-07-01,1,0.006707196795298742,0.000249944507157928,0.38986712788573674,0.31698012351989746
2024-07-02,1,0.00445281717210122,0.00022647150421021767,0.3939210944513939,0.27205562591552734
2024-07-03,0,0.0,0.00015083564097313288,0.3917942720687235,0.3553144633769989
2024-07-04,1,0.005749907876922755,0.00011901179123731887,0.30753399588752967,0.2531159222126007
2024-07-05,0,0.0,7.101602848961607e-05,0.36865072023047424,0.32004618644714355
2024-07-06,0,0.0,7.257081708412789e-05,0.2978176753217331,0.15181513130664825
2024-07-07,1,0.0011532749566987022,0.0001368454517208295,0.38359124357266133,0.46408960223197937
2024-07-08,1,0.0009718951024169087,0.00016044961680759326,0.4071828575944349,0.3211238980293274
2024-07-09,1,0.009846668354303034,0.00016246127661299537,0.3654016736973124,0.1838528960943222
2024-07-10,0,-0.008660003236682812,0.0001967994042123212,0.3778404413424148,0.27665290236473083
2024-07-11,1,0.0062878467225147006,0.00016168898592861815,0.37164777841524965,0.3883604109287262
2024-07-12,0,0.0,4.745557655142808e-05,0.3278959042027988,0.030929751694202423
2024-07-13,0,0.0,2.7015134591752594e-05,0.24273162041230648,0.027636274695396423
2024-07-14,1,0.0027462345743005656,3.039415000912259e-05,0.361473018253442,0.5186645984649658
2024-07-15,1,0.005912678169607943,4.885509760824623e-05,0.37836284858068275,0.3386824131011963
2024-07-16,0,-0.014120399731959665,4.272935395921038e-05,0.3979901075351684,0.34108129143714905
2024-07-17,0,-0.007714606319595418,9.452229769671185e-05,0.38347799739935245,0.4427870512008667
2024-07-18,0,-0.006662638314654856,3.39217272153982e-05,0.3903489912860978,0.2830652594566345
2024-07-19,0,0.0,2.7041668548812492e-05,0.33559900056355596,0.05827171728014946
2024-07-20,0,0.0,3.628310074388638e-05,0.2759683719744468,0.03037061169743538
2024-07-21,1,0.010257139566991924,6.01184016627046e-05,0.35731364141926475,0.5517303943634033
2024-07-22,0,-0.0015698653017626185,0.00014983785557039597,0.38526309636492806,0.3750287890434265
2024-07-23,0,-0.02292345201778634,0.00010445247650479051,0.41024688368981477,0.5232104659080505
2024-07-24,0,-0.005223667529580922,0.004595947097361628,0.3926667844402399,0.45905938744544983
2024-07-25,1,0.011137343690228896,0.00037913224831572596,0.38113871104926295,0.35975775122642517
2024-07-26,0,0.0,4.5583115608986957e-05,0.30380903020827904,0.04641338437795639
2024-07-27,0,0.0,2.1134026253567267e-06,0.283500971754063,0.028836699202656746
2024-07-28,1,0.0005876069125863026,0.0011382315995673961,0.3678363727586158,0.5688071250915527
2024-07-29,0,-0.005079341629615541,0.00042035697363530024,0.3930856126548213,0.2229708582162857
2024-07-30,1,0.016123894118010185,0.00030338994345419746,0.42366407804960593,0.38843369483947754
2024-07-31,0,-0.014262251516934832,0.0014201769443413263,0.39064768891915813,0.21327319741249084
2024-08-01,0,-0.01879389303610246,0.00035335079066252384,0.3460947002680482,0.46798256039619446
2024-08-02,0,0.0,0.00042578203598812246,0.2934723797499519,0.04996246472001076
2024-08-03,0,0.0,0.00015255393508070516,0.2715766768025764,0.03687573969364166
2024-08-04,0,-0.02955627742129696,0.0003616535934049886,0.34886992165406205,0.3632119596004486
2024-08-05,1,0.009177405725123045,0.0007556704088505869,0.39988505570845545,0.47887367010116577
2024-08-06,0,-0.006706494562821241,0.0013956074690383113,0.39792216897358434,0.46062856912612915
2024-08-07,1,0.02285416005928731,0.0027064869607197227,0.3539923993112988,0.43752384185791016
2024-08-08,1,0.004400059244755283,0.0015725865637356941,0.31199232369000085,0.18698324263095856
2024-08-09,0,0.0,0.00024638775013650124,0.30306464699508956,0.05840953439474106
2024-08-10,0,0.0,0.00040571896512423,0.22739091083045315,0.027763135731220245
2024-08-11,1,0.0005254369766314326,0.0009674541563023554,0.3904098405919458,0.5301482677459717
2024-08-12,1,0.01631166029882536,0.001045727293746592,0.386774763750065,0.32245033979415894
2024-08-13,1,0.003149985274029987,0.0017055255726563061,0.39196560880096626,0.2887973487377167
2024-08-14,1,0.016995006641248978,0.0007743257844305217,0.3427659512313675,0.3767799735069275
2024-08-15,1,0.002239469415323825,0.0003560651252147934,0.3190074581142142,0.14840646088123322
2024-08-16,0,0.0,7.543408389024751e-05,0.2830146687671373,0.03851759806275368
2024-08-17,0,0.0,5.734433443918628e-05,0.2420996621174296,0.02625083364546299
2024-08-18,1,0.009515837873382615,0.00018175561976351085,0.3668509348115761,0.31406792998313904
2024-08-19,0,-0.0016273260564743097,0.00010900733988042207,0.3692230308275577,0.2540603280067444
2024-08-20,1,0.0034305499947606677,0.0002874553823374564,0.4207439613318453,0.5236406922340393
2024-08-21,0,-0.007879316198772024,0.0003857938508020148,0.38975201272314414,0.2708887755870819
2024-08-22,1,0.01056914549840382,0.004384568656649687,0.3769282045881701,0.43852394819259644
2024-08-23,0,0.0,1.114183129551832e-06,0.30388487683320103,0.04352559894323349
2024-08-24,0,0.0,2.6303904025203603e-05,0.28574318231485785,0.025219369679689407
2024-08-25,0,-0.00238662591130101,8.298239321812843e-08,0.3421098711682012,0.45207199454307556
2024-08-26,1,0.0013721568299356335,0.0004288311966900862,0.3833109576314767,0.4803122878074646
2024-08-27,0,-0.005822277871478931,0.00046216136713043277,0.39072225032738056,0.32141634821891785
2024-08-28,1,8.962983386950896e-05,0.0013126772256718574,0.39481328405097244,0.4336305558681488
2024-08-29,1,0.009500822168204692,0.00015816283437837647,0.3168482862876201,0.33888694643974304
2024-08-30,0,0.0,0.001175420379921692,0.34209289327804915,0.07233687490224838
2024-08-31,0,0.0,5.0055532420590506e-05,0.26371548809995404,0.04283040389418602
2024-09-01,0,0.0,0.018970946320204934,0.3465025879222787,0.19023600220680237
2024-09-02,0,-0.020793804917628833,0.025145113424266886,0.3654703567815616,0.24337057769298553
2024-09-03,0,-0.0020490877297181243,0.07270815922572177,0.3770371860249962,0.35914427042007446
2024-09-04,0,-0.002434888356711795,0.059774019663138576,0.42869720902263503,0.4627871811389923
2024-09-05,0,-0.01697362509346423,0.06555165343225941,0.39283643412630503,0.5274911522865295
2024-09-06,0,0.0,0.053008637149238036,0.35574706410850454,0.24000003933906555
2024-09-07,0,0.0,0.029304159065509133,0.28930333676050163,0.02531846985220909
2024-09-08,1,0.01113410312554386,0.15503746584799694,0.37657311192812304,0.37342217564582825
2024-09-09,1,0.00434621343619046,0.1680615763401603,0.39686909757170524,0.3861986994743347
2024-09-10,1,0.010206795264227964,0.07748523826343627,0.4264330637353438,0.40456461906433105
2024-09-11,1,0.008388118911093478,0.05715087652324742,0.39345447800042693,0.42473310232162476
2024-09-12,1,0.0052089250195317405,0.017240834582830156,0.38060187095863063,0.3175041973590851
2024-09-13,0,0.0,0.004054656572830763,0.31356447154576766,0.043509531766176224
2024-09-14,0,0.0,0.007143518506558561,0.27229870740539414,0.02773270756006241
2024-09-15,1,0.0014760339999142502,0.010903581903832003,0.365465804822781,0.44882914423942566
2024-09-16,1,0.00040848556815031856,0.01798108230358063,0.38811568890183373,0.32216185331344604
2024-09-17,0,-0.002970358585717925,0.03257041729548898,0.4147570163993606,0.3158712387084961
2024-09-18,1,0.01692052807593747,0.046763263809683445,0.41399175328264826,0.6468418836593628
2024-09-19,0,-0.0017300223082905575,0.043716367061357786,0.37460354343627983,0.1836247742176056
2024-09-20,0,0.0,0.00010812743772781987,0.3135841511949031,0.05690087750554085
2024-09-21,0,0.0,0.0020482048433212506,0.28193622171823374,0.03429296240210533
2024-09-22,1,0.0024955984564352107,0.015270087219307489,0.36860068049934697,0.4698862135410309
2024-09-23,1,0.0028572465498371002,0.00020905127432295463,0.3940728738647446,0.32276806235313416
2024-09-24,0,-0.0022079972930066916,0.00013581557650905348,0.40899890516815873,0.22683104872703552
2024-09-25,1,0.003956800645357639,2.4765091731170044e-05,0.41669550887416196,0.6001357436180115
2024-09-26,0,-0.0014513072431050489,8.002160972002612e-05,0.3807550227228251,0.3225395381450653
2024-09-27,0,0.0,0.00043163209746964866,0.35189597187111715,0.06736253201961517
2024-09-28,0,0.0,0.0002309800214565434,0.3034041482620184,0.028683654963970184
2024-09-29,1,0.003999221306372647,0.0004999434155209849,0.3923255523144775,0.30084988474845886
2024-09-30,0,-0.008998691404003445,7.671748042144852e-05,0.3860639728300816,0.22596555948257446
2024-10-01,1,0.0004218834569673646,2.1445267418950996e-05,0.4314869194115354,0.23248514533042908
2024-10-02,0,-0.001829849680571094,1.5333231467157873e-05,0.3876006850882591,0.3475090265274048
2024-10-03,1,0.009046337139021254,8.420653209737567e-06,0.3779737516916034,0.42031991481781006
2024-10-04,0,0.0,6.829532350404528e-06,0.3368870411165537,0.04971207305788994
2024-10-05,0,0.0,4.72474940175197e-06,0.2899400106517934,0.026342980563640594
2024-10-06,0,-0.009081679333255543,7.157491495742978e-06,0.36082025243169197,0.3339799642562866
2024-10-07,1,0.009413207190757333,9.716766172416242e-06,0.39444100393670645,0.2302131950855255
2024-10-08,1,0.006902475970926858,4.259565632575143e-06,0.4231738912374019,0.3075229525566101
2024-10-09,0,-0.0017515944258317262,1.0591476616765232e-05,0.37076650047109305,0.4573274850845337
2024-10-10,1,0.005970516819446381,7.919301238640167e-06,0.32880201952361987,0.5215234160423279
2024-10-11,0,0.0,3.404217821318952e-06,0.3311227537961364,0.03722216561436653
2024-10-12,0,0.0,2.5179432450526924e-06,0.2493697903142595,0.031087514013051987
2024-10-13,1,0.008144974640886815,5.16240587571161e-06,0.3685389950421266,0.44550690054893494
2024-10-14,0,-0.007799968636835963,5.74347367213141e-06,0.39955840386809977,0.23833537101745605
2024-10-15,1,0.004336758484601688,6.240961955540067e-06,0.3992539867983119,0.31260812282562256
2024-10-16,1,8.609980530405181e-05,1.074428617569852e-05,0.37855607715835116,0.32698139548301697
2024-10-17,1,0.0038391004545701435,7.414736633753612e-06,0.30228490505514466,0.306123822927475
2024-10-18,0,0.0,4.900315573571751e-06,0.3247959429209408,0.07652850449085236
2024-10-19,0,0.0,4.2305769000509e-06,0.3083327627463796,0.03391055017709732
2024-10-20,0,-0.0016434483217908635,5.258523144102979e-06,0.3713926254890396,0.4009022116661072
2024-10-21,0,-0.0005313397393029717,7.207603613451854e-06,0.3997999749678358,0.27155426144599915
2024-10-22,0,-0.009179426886507969,6.868482892759874e-06,0.419937530650671,0.29316529631614685
2024-10-23,1,0.002160391600406264,3.929909000162577e-05,0.4011766225887701,0.3850601613521576
2024-10-24,0,-0.00034543500479689015,3.425723454154849e-06,0.3874579244480667,0.3382626473903656
2024-10-25,0,0.0,0.00031846265760163166,0.37050161108014956,0.10705650597810745
2024-10-26,0,0.0,0.6822139819960353,0.32110779140862034,0.03626057505607605
2024-10-27,1,0.0030866576271852963,0.0002854300422591645,0.4265390790243678,0.3133660554885864
2024-10-28,1,0.0016170844558276443,2.0304335865342686e-05,0.3828247900283759,0.3621372580528259
2024-10-29,0,-0.0030298165972402202,4.313677580816746e-05,0.4448516082691015,0.3680802583694458
2024-10-30,0,-0.019797747056355064,9.704392829128773e-07,0.4202639485704174,0.46576881408691406
2024-10-31,1,0.0042115691175173,2.4470623009951365e-05,0.3923716342686461,0.4254606366157532
2024-11-01,0,0.0,0.00015369501587855338,0.35573596978856314,0.04411403834819794
2024-11-02,0,0.0,0.00014133806057619106,0.296885662353028,0.03580104187130928
2024-11-03,0,-0.0021563387077021545,0.00018355753929183628,0.4031976602698595,0.43147093057632446
2024-11-04,1,0.012019296392963064,0.00022439387004392932,0.4131714402448921,0.46669769287109375
2024-11-05,1,0.024561468067612502,0.0003215305302810011,0.4297358575130133,0.38578563928604126
2024-11-06,1,0.007702321716287486,0.00015303402503063273,0.3663547752315731,0.39478030800819397
2024-11-07,1,0.004322595350061853,1.529450445183719e-05,0.3376598043221268,0.3289802074432373
2024-11-08,0,0.0,7.0629341026770775e-06,0.298068087832661,0.0448005273938179
2024-11-09,0,0.0,5.945660075569287e-06,0.25663118404882895,0.026572976261377335
2024-11-10,1,0.000952268462365069,1.723617206008404e-05,0.38783134457176943,0.39307570457458496
2024-11-11,0,-0.0031112825784092024,3.9828811047557794e-05,0.4170634858963892,0.19388990104198456
2024-11-12,1,0.00048565156594815306,0.00010861711762919446,0.43607115866624147,0.37013301253318787
2024-11-13,0,-0.006450779429981068,0.00013212574992059882,0.4090639749247194,0.3853306174278259
2024-11-14,0,-0.012891343001767197,0.00016160519275149388,0.40222433672077906,0.43291524052619934
2024-11-15,0,0.0,0.00013019514182810029,0.3447429926579509,0.0741761103272438
2024-11-16,0,0.0,6.681280271603897e-05,0.333226270102583,0.02987675555050373
2024-11-17,1,0.004088904662761017,0.0001316709895160445,0.3924702498400983,0.41409608721733093
2024-11-18,1,0.003648923312298713,0.00013198795300754638,0.41103874125706363,0.32724377512931824
2024-11-19,1,0.0003386364663642283,0.0001500192295923903,0.39714223144642474,0.2891010046005249
2024-11-20,1,0.005353983406051199,0.0020012714967314097,0.3845414031124295,0.4079987704753876
2024-11-21,1,0.003094590534963082,2.090163715808573e-05,0.4205573508914299,0.3282282054424286
2024-11-22,0,0.0,0.00014058838825499012,0.3629191985643861,0.054599273949861526
2024-11-23,0,0.0,4.199817581320827e-05,0.2892319341021224,0.03133827820420265
2024-11-24,1,0.003386516228503389,6.581796562718762e-05,0.38394288236238083,0.4468447268009186
2024-11-25,1,0.005207895713492228,6.288513658975069e-05,0.41382022535126806,0.1836957186460495
2024-11-26,0,-0.003034659409735241,7.133843252964508e-05,0.4072908706078575,0.2463746964931488
2024-11-27,0,0.0,4.859134531356363e-05,0.40788507947033287,0.5884113907814026
2024-11-28,1,0.0061927458150128345,8.23301260857785e-06,0.34359976549643156,0.2421180009841919
2024-11-29,0,0.0,6.983224069363895e-05,0.3525565116914835,0.23558995127677917
2024-11-30,0,0.0,0.00017361657660371229,0.3497162723327088,0.15298981964588165
2024-12-01,1,0.0017908603149043856,0.001531191564531542,0.41798675589008705,0.43049243092536926
2024-12-02,1,0.0004635721159145234,0.0014546095499525038,0.437603135139587,0.4296855330467224
2024-12-03,1,0.006190403582256643,0.0009748077374335383,0.43369004192744337,0.37933170795440674
2024-12-04,0,-0.0016470582568723913,0.0008799888755375984,0.42198761900891696,0.3968210816383362
2024-12-05,1,0.0018938422961243262,0.0012118014604981092,0.39348192286983985,0.5271502137184143
2024-12-06,0,0.0,0.0014530743082963975,0.33503980269961764,0.035662487149238586
2024-12-07,0,0.0,0.0010611402899744539,0.3074993393254006,0.03339453414082527
2024-12-08,0,-0.005162829096702737,0.0011529047479441278,0.37496254112358174,0.3986368179321289
2024-12-09,0,-0.0031140652920429446,0.0017597193004311863,0.4305244603249857,0.46569812297821045
2024-12-10,1,0.0077011406592371046,0.0012566289774678199,0.4201170875461054,0.4412594139575958
2024-12-11,0,-0.005166015776501887,0.0011558613451850169,0.3884882940441503,0.4255402982234955
2024-12-12,0,-0.00019864154745796725,0.0007139808883316966,0.3546118863343834,0.5580627918243408
2024-12-13,0,0.0,0.0005586632798196344,0.31120074867657593,0.06355606764554977
2024-12-14,0,0.0,0.0010933155488135535,0.33626401792401217,0.117195263504982
2024-12-15,1,0.004260893044531144,0.0013880262426621513,0.37362378024440235,0.4918307363986969
2024-12-16,0,-0.004128666588333552,0.0018597328991485527,0.41038321032257374,0.377711683511734
2024-12-17,0,-0.03025652076679375,0.0002459575758472114,0.44594366797321966,0.4981783628463745
2024-12-18,0,-0.00030715245750378983,0.00038480202303561704,0.4071420670017848,0.501461923122406
2024-12-19,1,0.011939542011083937,0.00015637921841495526,0.37833505069374335,0.3263078033924103
2024-12-20,0,0.0,0.0010093671379874753,0.3422645777933306,0.05340636521577835
2024-12-21,0,0.0,2.0236080739728407e-05,0.3137679231138421,0.037489861249923706
2024-12-22,1,0.005970360267611774,0.00012532404149974294,0.36075023589791705,0.5964974164962769
2024-12-23,1,0.011053541106186948,0.0016751362244548504,0.395820135852223,0.36588752269744873
2024-12-24,0,0.0,1.9506255874395747e-07,0.3868778778960093,0.30961713194847107
2024-12-25,1,6.683036504551154e-05,3.0175189391271358e-05,0.30953677679563,0.2754824757575989
2024-12-26,0,-0.010582411670752911,0.0039535183564510645,0.3920853416973463,0.4666593670845032
2024-12-27,0,0.0,0.0001407375874020694,0.3695474553824103,0.4304405450820923
2024-12-28,0,0.0,3.2203154355028924e-05,0.3348122425197969,0.06538470834493637
2024-12-29,0,-0.011477220648675512,0.0006673048683080961,0.4317501720317669,0.46703633666038513
2024-12-30,0,-0.0036447900509966047,1.4149114080455264e-06,0.3926582528003405,0.520094633102417
2024-12-31,0,0.0,3.078708981396028e-05,0.4392871927181781,0.35699278116226196
2025-01-01,0,-0.002460067477137784,4.124867921624301e-08,0.368598979437686,0.16320860385894775
2025-01-02,1,0.012426055631792998,4.338461282114957e-08,0.4061398765106513,0.33746132254600525
2025-01-03,0,0.0,2.9521348133222657e-08,0.39100925145667625,0.20616428554058075
2025-01-04,0,0.0,4.0294511373917914e-08,0.3516185523251316,0.046895187348127365
2025-01-05,1,0.005744032893962192,5.5048684459947126e-08,0.3895879990619035,0.2937173843383789
