Date,actual,pred_Ridge,pred_RandomForest,pred_XGBoost,pred_LightGBM,pred_Stacking
2023-12-11,0.007936849555406411,-0.035199312233863175,-0.0054405883721338555,0.0003414525417611003,0.00019522843558180157,0.000805556984323473
2023-12-12,0.012643717607922156,-0.034002146358465574,-0.005443436398704343,-0.0008080370025709271,0.00019522843558180157,0.0007940876417256236
2023-12-13,-0.0008677220363217941,-0.03550737356951261,-0.006613282085240087,-0.0017469628946855664,0.00019522843558180157,0.0007784204701914238
2023-12-14,0.004824890903067036,-0.032508940230312575,-0.006616591171619668,-0.0017063001869246364,0.00019522843558180157,0.0007864324497676433
2023-12-15,0.0,-0.03269992838246895,-0.006892334285322,-0.0010033991420641541,0.00019522843558180157,0.0007947785570885094
2023-12-16,0.0,-0.03360814149019643,-0.00639672887520222,-0.001805245061405003,0.00019522843558180157,0.0007824542376348352
2023-12-17,0.0042857208454991635,-0.034454022155751204,-0.006376625376000624,-0.0020237835124135017,0.00019522843558180157,0.0007775899391772698
2023-12-18,0.00509917508013924,-0.03430655740775776,-0.006769929114295045,-0.0011477457592263818,0.00019522843558180157,0.0007889524434506886
2023-12-19,-0.014978969919789087,-0.03635228253642321,-0.0076147613612933185,-0.0010136156342923641,0.00019522843558180157,0.0007854596140324552
2023-12-20,0.01157423184489037,-0.03258482126650411,-0.00701783489492429,-0.001049585873261094,0.00019522843558180157,0.0007944759504286921
2023-12-21,0.0014955931832938418,-0.03708711010000036,-0.0065607860416226,6.508166552521288e-05,0.00019522843558180157,0.0007972733471335379
2023-12-22,0.0,-0.036661387080708374,-0.00640371402485084,-0.001050927210599184,0.0003769460324490128,0.0007843074847823002
2023-12-23,0.0,-0.03579672220832451,-0.006419703087913703,-0.00029889895813539624,0.00019522843558180157,0.0007959318939305454
2023-12-24,0.0,-0.034068404623307375,-0.006824040686118221,-0.00047766786883585155,0.00019522843558180157,0.0007979756145908575
2023-12-25,0.00608186723797477,-0.034881445743823514,-0.00738666137793631,-0.0006547325174324214,0.00019522843558180157,0.0007936717372248762
2023-12-26,0.002043398589771428,-0.035343331698190844,-0.0075658135449068915,-0.0003847989428322762,0.00019522843558180157,0.0007958994604240475
2023-12-27,-0.00048614488074605333,-0.03733120704013841,-0.008200660442319825,-0.0005271821282804012,0.00019522843558180157,0.000789087726594781
2023-12-28,-0.004337133087050304,-0.02657523041011568,-0.0077249399776679484,-0.0007670382619835436,0.00019522843558180157,0.0008130112917531555
2023-12-29,0.0,-0.028687922302153755,-0.0072037853018340915,-0.0004119352379348129,0.00019522843558180157,0.0008122335800044502
2023-12-30,0.0,-0.029543277646918463,-0.006710007093202786,-0.0012813933426514268,0.00019522843558180157,0.0007991905944803541
2023-12-31,0.0,-0.02318297222885492,-0.006846685445018994,-0.0010543657699599862,0.00035085618220051816,0.0008179473132670993
2024-01-01,-0.01706706780154743,-0.02845635326905607,-0.007210689854229551,0.00010754019604064524,0.00035085618220051816,0.000819348806861865
2024-01-02,-0.010637866886129999,-0.025268868227277207,-0.00615830222006915,0.0035179576370865107,0.00035085618220051816,0.0008703137287070227
2024-01-03,-0.005159775356821328,-0.024953513865207704,-0.005663963205860928,0.0034189026337116957,0.00035085618220051816,0.0008698931684127213
2024-01-04,0.0011853273016892985,-0.025352699089913718,-0.006849551362902133,0.0009000105783343315,0.0003769460324490128,0.0008371111272260632
2024-01-05,0.0,-0.025022056651298138,-0.005739754976367702,0.0024710746947675943,0.00035085618220051816,0.0008577896770801516
2024-01-06,0.0,-0.022628470971623873,-0.005728176476916499,0.0023608189076185226,0.00035085618220051816,0.0008623907624190942
2024-01-07,0.02045724328848042,-0.02197345659244247,-0.0064729209036537005,0.0006177904433570802,0.00035085618220051816,0.0008420413361802061
2024-01-08,0.001973603699701343,-0.02745006751532354,-0.007866429109071885,-0.00013355050759855658,3.0058956269786625e-05,0.0008187833778594999
2024-01-09,0.006754707905357371,-0.025469333553930478,-0.006448067863174667,-0.0005277207819744945,0.00035085618220051816,0.0008188844868693776
2024-01-10,0.002078621522399793,-0.025363818706191598,-0.006621007845659817,0.00117330567445606,0.00035085618220051816,0.0008405392326699268
2024-01-11,0.0005128768841586862,-0.023554465971210036,-0.006495908274352927,0.001210697810165584,0.00035085618220051816,0.0008455451808078111
2024-01-12,0.0,-0.025016150403743203,-0.00648090718978698,0.0011375945759937167,0.00035085618220051816,0.0008409700562152009
2024-01-13,0.0,-0.023191474266995662,-0.006705007679160392,0.001779788639396429,0.00035085618220051816,0.0008535983403469019
2024-01-14,0.0,-0.023736624591116706,-0.006552309513449566,0.0010553644970059395,0.00035085618220051816,0.0008431307593525616
2024-01-15,-9.767055728815421e-05,-0.02353528664466507,-0.006645043143864914,0.0006987808737903833,0.00035085618220051816,0.0008391406367906081
2024-01-16,-0.005656719257778775,-0.023088252928023283,-0.006574667043634958,0.00041831069393083453,0.00035085618220051816,0.0008367350444498766
2024-01-17,0.014094356701281896,-0.020698836082846405,-0.0064974808651679615,-0.00028849445516243577,0.00035085618220051816,0.0008338243262413982
2024-01-18,0.019636916158801476,-0.02344188454575302,-0.007189662277128298,0.0005552265793085098,0.00035085618220051816,0.0008375272269991611
2024-01-19,0.0,-0.027060561660344633,-0.006024840120089023,-0.0008259036694653332,0.00035085618220051816,0.0008111837022418279
2024-01-20,0.0,-0.023843103517522984,-0.004229133477433353,-0.0005413371254689991,0.00035085618220051816,0.0008229471315056442
2024-01-21,0.0013050030918027034,-0.023167170923346688,-0.004041265667286208,0.0005940097034908831,0.00035085618220051816,0.0008389379092709142
2024-01-22,0.004140988631744058,-0.024324139943152714,-0.004404565459717297,-0.0006027035997249186,0.00035085618220051816,0.0008209585341488525
2024-01-23,0.005533918115283143,-0.024867188304988862,-0.0062998742341350686,-0.0007047501276247203,0.00035085618220051816,0.0008181743050703707
2024-01-24,0.0012203995975959003,-0.0241851460298179,-0.00651774483417609,-0.0005355770117603242,0.00035085618220051816,0.0008219928142103552
2024-01-25,-0.005975363596375516,-0.0258571904012287,-0.00621415081906213,-0.00030559769948013127,0.00035085618220051816,0.0008207266977884751
2024-01-26,0.0,-0.0265889186005835,-0.005817551950033001,0.0006734392372891307,0.00035085618220051816,0.0008312450053900319
2024-01-27,0.0,-0.027079272387742947,-0.006080670028831042,0.0002988515479955822,0.00035085618220051816,0.0008252853312158199
2024-01-28,0.010188359880517694,-0.027020224921738775,-0.006053823233070824,-0.0006008949712850153,0.00035085618220051816,0.0008141136840989813
2024-01-29,-0.006678799212612496,-0.029656856116185747,-0.006562938068654417,-0.0010102043161168694,0.00035085618220051816,0.0008023298050810805
2024-01-30,-0.019780525494812018,-0.02727663967686415,-0.005981139435265886,-0.001046298653818667,0.00035085618220051816,0.0008078732583390788
2024-01-31,0.01170663664363758,-0.039109650566686575,-0.005033975783250361,0.0005518042016774416,0.00019522843558180157,0.0007984525138705386
2024-02-01,0.01675931527123886,-0.05301557649152851,-0.004836116403238178,-0.0030559231527149677,0.00035085618220051816,0.0007182862282310427
2024-02-02,0.0,-0.05967128466680366,-0.007490789110949798,-0.0009130712132900953,0.0003769460324490128,0.0007284015838437111
2024-02-03,0.0,-0.05795314117025595,-0.0054429150614797315,-0.0034216861240565777,0.00019522843558180157,0.000701287199322506
2024-02-04,-0.001306183564524943,-0.05626255819336842,-0.004950240445873707,-0.002950623631477356,0.00019522843558180157,0.0007114803406760233
2024-02-05,-0.0020092525800778915,-0.05649959537229156,-0.005413507587651673,-0.0024571598041802645,0.00019522843558180157,0.000717061916537423
2024-02-06,0.010237647292989926,-0.05670936874559544,-0.005525904970022596,-0.0011125270975753665,0.00019522843558180157,0.0007334480539401876
2024-02-07,0.001850182076855944,-0.05926912625894158,-0.006146970563273472,-0.0013633922208100557,0.00019522843558180157,0.0007238417784389775
2024-02-08,0.00979498312160132,-0.05814163382503898,-0.006201552821349806,-0.0013397751608863473,0.00019522843558180157,0.0007269552855617
2024-02-09,0.0,-0.05949021944321761,-0.006407241014255996,-0.0019319219281896949,0.00019522843558180157,0.0007161155316392006
2024-02-10,0.0,-0.057480340319754464,-0.006042918082667602,-0.0014599614078179002,0.00019522843558180157,0.0007271090912992942
2024-02-11,-0.003920270039805551,-0.058363907514528565,-0.006074560922981262,-0.001905157812871039,0.00019522843558180157,0.0007192946499854085
2024-02-12,-0.015719917641799697,-0.056985512695647625,-0.005982159349738286,-0.0012813404900953174,0.00019522843558180157,0.0007305990036474233
2024-02-13,0.010838264767940586,-0.05513028806193197,-0.004799996012511807,-0.000808476353995502,0.00019522843558180157,0.0007412782360210384
2024-02-14,0.0029732772874977442,-0.059239246674497245,-0.0006619182368543427,-0.003950108774006367,0.00035085618220051816,0.0006917785495871808
2024-02-15,-0.009109047124740144,-0.05827429644545766,-0.005241916492289175,-0.003211639355868101,0.0003769460324490128,0.0007031418476706408
2024-02-16,0.0,-0.05590076575906583,-0.0059749692933469545,-0.0008311231504194438,0.00019522843558180157,0.0007389780443198499
2024-02-17,0.0,-0.05547665825699749,-0.0021503460993266056,-0.0011289268732070923,0.00019522843558180157,0.0007365777967470045
2024-02-18,0.0,-0.05630257793117163,-0.0030816160894307724,-0.0021272958256304264,0.00019522843558180157,0.0007218797937276458
2024-02-19,-0.007576765197903512,-0.05616162706518757,-0.0034143572513642344,-0.001622422831133008,0.00019522843558180157,0.0007285602283097918
2024-02-20,-0.0040097130856828755,-0.05317789643741554,-0.0029380835233771036,-0.0015111665707081556,0.00019522843558180157,0.0007374595666334817
2024-02-21,0.028855280966608277,-0.053908448421916236,-0.0050616367628056125,-0.0016343556344509125,0.00019522843558180157,0.0007339231929801659
2024-02-22,-0.0029490791219854984,-0.06418373744225779,-0.004624505053786538,-0.003248524619266391,0.00035085618220051816,0.0006879414512184848
2024-02-23,0.0,-0.05979032648826775,-0.003183997831035129,-0.0015024809399619699,0.00019522843558180157,0.0007210094828957586
2024-02-24,0.0,-0.058303035114733684,-0.0031796677918987486,-0.0014236874412745237,0.00019522843558180157,0.0007257217087363082
2024-02-25,-0.0005267195798097646,-0.057573323719698546,-0.0034171112270889896,-0.0013783976901322603,0.00019522843558180157,0.0007280991941562591
2024-02-26,0.002402334850954979,-0.0601971322076883,-0.003131053941359324,-0.0006590791163034737,0.00019522843558180157,0.0007306082053843816
2024-02-27,-0.00533872291206805,-0.058320914044938055,-0.003688924803482386,-0.0019334012176841497,0.00019522843558180157,0.0007192252501465523
2024-02-28,0.008532884879468128,-0.05822498229077741,-0.003579235302934452,-0.0017512544291093946,0.00019522843558180157,0.0007217653505237696
2024-02-29,0.014944716937797864,-0.05999367909846515,-0.004541352976555235,-0.0011514007346704602,0.00019522843558180157,0.0007248168574603983
2024-03-01,0.0,-0.05961735139853005,-0.007485399947510638,-0.0024234780576080084,0.00019522843558180157,0.0007095317003612939
2024-03-02,0.0,-0.05886325712524095,-0.006874798737332369,-0.0019121031509712338,0.00019522843558180157,0.0007178982819313106
2024-03-03,-0.0035745235501973838,-0.05828017354536707,-0.007050318934233763,-0.0018043990712612867,0.00019522843558180157,0.0007206989589466652
2024-03-04,-0.01811269078977773,-0.05810922250741856,-0.006579085928225353,-0.0029867806006222963,0.00019522843558180157,0.0007062841265796716
2024-03-05,0.006264023042692024,-0.05387336453911604,-0.005566200916928129,-0.001715522725135088,0.00019522843558180157,0.0007329519041194069
2024-03-06,0.015064068450966417,-0.05484400139394719,-0.006003518813058309,-0.0013635398354381323,0.00019522843558180157,0.0007349200914236952
2024-03-07,-0.014540037042658938,-0.05803605296422724,-0.006854762663889201,-0.0034313141368329525,0.0003769460324490128,0.0007008530484773693
2024-03-08,0.0,-0.05332773478743077,-0.0058845284021095574,-0.003620315808802843,0.00019522843558180157,0.0007103252888480903
2024-03-09,0.0,-0.05299915306979073,-0.0038044262443873616,-0.0004247141187079251,0.00035085618220051816,0.0007515125467481996
2024-03-10,-0.0037197245112157162,-0.05339579195845997,-0.0040584820575847395,-0.0023121614940464497,0.0003769460324490128,0.0007267519137860909
2024-03-11,0.014233257705310365,-0.0538511988345566,-0.0036429813825794755,-0.0010585143463686109,0.00035085618220051816,0.0007414182274331086
2024-03-12,-0.007715755941773317,-0.05877507428969516,-0.006525453918429669,-0.0030184381175786257,0.00019522843558180157,0.0007042241697917363
2024-03-13,-0.002524478535124608,-0.057031310676855664,-0.006990943608287447,-0.004546465817838907,0.00019522843558180157,0.0006893244536759906
2024-03-14,-0.01195808352921457,-0.057465820356954446,-0.00649858565935223,-0.0018431439530104399,0.00019522843558180157,0.0007222898083488689
2024-03-15,0.0,-0.05639525078187899,-0.002036874971148437,-0.0025070086121559143,0.00019522843558180157,0.000716948250981635
2024-03-16,0.0,-0.05851663202404712,-0.0011631466394500926,-0.0014525871956720948,0.00035085618220051816,0.0007249745818078408
2024-03-17,0.008170805155049088,-0.056512340162449694,-0.001568324560741432,-0.0028017100412398577,0.0003769460324490128,0.0007129822179285574
2024-03-18,0.002488443724609546,-0.05899853052858146,-0.0021650294437059185,-0.002514285035431385,0.00035085618220051816,0.0007103350085884605
2024-03-19,0.011786976004884764,-0.05693020696557325,-0.0033900808132581724,-0.002675209194421768,0.00019522843558180157,0.0007133924056129613
2024-03-20,0.004721019514417613,-0.06019567819093647,-0.003915227500431815,-0.002419481286779046,0.00019522843558180157,0.0007084023396279242
2024-03-21,0.0011431774851020648,-0.058379132718192055,-0.007002165399106426,-0.0012048165081068873,0.00019522843558180157,0.0007279994630596064
2024-03-22,0.0,-0.05771607475634268,-0.006833692028950813,-0.001428315881639719,0.00019522843558180157,0.0007268584464101347
2024-03-23,0.0,-0.058031781946781984,-0.006831483495355445,-0.0004483971861191094,0.00019522843558180157,0.0007383990262336212
2024-03-24,-0.0036357963609905397,-0.05895355538124967,-0.006999925513091098,-0.0010283587034791708,0.00019522843558180157,0.000728783052953394
2024-03-25,-0.003242953927595771,-0.05997739912460217,-0.006913888690033086,-0.0042418185621500015,0.00019522843558180157,0.0006857939089665169
2024-03-26,0.0034003297977029945,-0.016473565974365226,-0.006454970195489136,-0.0007568193832412362,0.00019522843558180157,0.0008385041550295113
2024-03-27,-0.0018451020040366473,-0.03502668703277788,-0.006379918453045903,-0.0008227785583585501,0.00035085618220051816,0.0007912692203476304
2024-03-28,0.0,-0.028116172595421027,-0.005912537678683649,-0.002433957066386938,0.00019522843558180157,0.000788317622297333
2024-03-29,0.0,-0.04640693157513934,-0.005881099987441204,-0.0009253249736502767,0.00035085618220051816,0.0007615485462575577
2024-03-30,0.0,-0.03978559022476689,-0.006638148946932585,-0.001298648421652615,0.00019522843558180157,0.0007733577271366765
2024-03-31,0.0021148316017525204,-0.024479999098468472,-0.007323545517374669,4.258216358721256e-05,0.00035085618220051816,0.0008284698514802545
2024-04-01,-0.00866763885271471,-0.03481360076469624,-0.006412535735921227,-0.0005432784091681242,0.00019522843558180157,0.0007953167199366112
2024-04-02,0.0022418233820404865,-0.03464433938088514,-0.0027375729153324225,-0.0011346571845933795,0.00019522843558180157,0.0007885737749038413
2024-04-03,-0.01540876584550599,-0.03857840241567558,-0.003395139230173457,-0.00262887473218143,0.00019522843558180157,0.0007598820480935606
2024-04-04,0.011715003643543831,-0.03536469144029113,-0.002776201758139269,-0.0022071017883718014,0.00019522843558180157,0.0007732745326368401
2024-04-05,0.0,-0.04007933484457986,-0.002506786643790677,-0.0026960931718349457,0.00019522843558180157,0.0007553481146412037
2024-04-06,0.0,-0.04056212199038773,-0.0017860804305439351,-0.0036173691041767597,0.0003769460324490128,0.0007426020656543626
2024-04-07,0.0002950957380072339,-0.04122742853508894,-0.0021729580829294463,-0.0022741048596799374,0.00019522843558180157,0.0007578109388039838
2024-04-08,0.00369267435905396,-0.03967390203924325,-0.0020723816230126934,-0.0023657616693526506,0.00019522843558180157,0.0007605513022882573
2024-04-09,-0.008766806091909274,-0.04015072515491381,-0.002649446513507895,-0.002680729841813445,0.00019522843558180157,0.0007553521758981701
2024-04-10,0.015842094733068635,-0.03778281388307633,-0.0031099421373422843,-0.004872629884630442,0.00019522843558180157,0.0007336607410866468
2024-04-11,-0.01607023855592349,-0.04606039812079569,-0.002873843953393216,-0.004872074816375971,0.00019522843558180157,0.000712979024227393
2024-04-12,0.0,-0.04330856393344604,-0.0007268306912489804,-0.00463055120781064,0.00019522843558180157,0.0007230623700012471
2024-04-13,0.0,-0.04351279084473244,-0.001143925845471846,-0.0005965783493593335,0.00019522843558180157,0.0007732791160705383
2024-04-14,-0.016587867260864364,-0.04215361265215971,-0.001303439220692091,-0.002390433568507433,0.0003769460324490128,0.0007540953819896063
2024-04-15,9.279020142116678e-05,-0.04073180961462415,-0.0009853622918961239,-0.001665533403865993,0.00019522843558180157,0.0007667971094108862
2024-04-16,-0.012276392888587395,-0.036975900627154126,0.0009410866287448727,0.002175065455958247,0.00035085618220051816,0.0008246622201501864
2024-04-17,-0.00572271211482267,-0.035009657363772505,-0.00043750040917087634,0.0014310420956462622,0.0003769460324490128,0.0008201157385747524
2024-04-18,-0.020906185852465953,-0.03359149016219197,-0.00013064712973572098,0.003401348600164056,0.00019522843558180157,0.000848478274315402
2024-04-19,0.0,-0.02821748844858215,0.0008391866026621541,0.0008265685755759478,0.0003769460324490128,0.0008295958347227523
2024-04-20,0.0,-0.03071004683764663,0.0012047058115346502,0.0034547585528343916,0.00035085618220051816,0.000856458125619743
2024-04-21,0.010006442450793074,-0.0296584480464315,0.0010687904205915148,0.00011237453873036429,0.0003769460324490128,0.000817021864552822
2024-04-22,0.01481262789623905,-0.0328076722871553,0.0007967666564561149,0.0007926335092633963,0.00035085618220051816,0.0008176833269863871
2024-04-23,0.0033819520714715168,-0.03537837637633003,-0.0014206600545197995,-0.003835477866232395,0.00019522843558180157,0.0007528520998849153
2024-04-24,-0.004841600131739732,-0.03568302289979964,-0.001747391284391234,-0.003436555154621601,0.00019522843558180157,0.0007570851680564837
2024-04-25,0.015313876919770486,-0.04908615337984133,-0.001588277404522421,-0.004624014720320702,0.00019522843558180157,0.0007086275571436114
2024-04-26,0.0,-0.04314977231135833,-0.001948797107528255,-0.003154008649289608,0.00019522843558180157,0.0007419472814645963
2024-04-27,0.0,0.003137175962562002,-0.0019176574101345861,-0.004151601344347,0.00019522843558180157,0.0008451837733850902
2024-04-28,0.004052103952571606,-0.04342441184104933,-0.0020110799786792707,-0.003999426495283842,0.00019522843558180157,0.0007306178592770123
2024-04-29,-0.019036196642462144,-0.03700934422971888,-0.002366462746330661,-0.0025102796498686075,0.00019522843558180157,0.0007653762464450564
2024-04-30,-0.007256771512826887,-0.04378235209849647,-0.0011497769367802427,-0.002138664247468114,0.00019522843558180157,0.0007532005586632352
2024-05-01,0.012682567862886351,-0.02810202901470632,-0.0001097767364236931,0.00370765826664865,0.00019522843558180157,0.0008660659553436741
2024-05-02,0.019899077249062813,-0.033783344560000865,-0.0016853949593695601,-0.004922155756503344,0.0003769460324490128,0.0007431487789408974
2024-05-03,0.0,-0.04005112745179456,-0.0054339178222008976,-0.002855488797649741,0.00035085618220051816,0.0007531940910329458
2024-05-04,0.0,-0.03660556877518926,-0.0013209927787188882,-0.0025649000890552998,0.00019522843558180157,0.0007657772061010372
2024-05-05,0.010893876363335941,-0.03588836722860795,-0.0014322091405717119,-0.0012280929367989302,0.00019522843558180157,0.0007843837900621643
2024-05-06,0.00015898792860902233,-0.039071126310237965,-0.0027399183704366085,-0.0031012436375021935,0.00019522843558180157,0.0007527547675349042
2024-05-07,-0.0005906540529290183,-0.03869466026988557,-0.002622131154210987,-0.0027471876237541437,0.00019522843558180157,0.0007581603349948685
2024-05-08,0.002179144640426678,-0.03640285817626757,-0.002590878818259984,-0.0015986055368557572,0.00019522843558180157,0.0007783480300215389
2024-05-09,0.002355393578874043,-0.03696239020847248,-0.0028043332570955428,-0.0021008956246078014,0.00019522843558180157,0.0007706121629660065
2024-05-10,0.0,-0.03884336998288688,-0.002822310551598502,-0.0025932220742106438,0.00019522843558180157,0.000759710688634172
2024-05-11,0.0,-0.03735399743919137,-0.002766472328205392,-0.0020913269836455584,0.00019522843558180157,0.0007697557907211932
2024-05-12,0.0023047211774365195,-0.03717878834210676,-0.002646500226999601,-0.0018623266369104385,0.00019522843558180157,0.0007730845229052522
2024-05-13,0.006411648380640678,-0.03769695168785455,-0.002856878578860849,-0.0021080307196825743,0.00019522843558180157,0.000768680949047502
2024-05-14,0.015509361532795474,-0.040243371279065375,-0.002925163560002985,-0.002553871599957347,0.00019522843558180157,0.000756696035848352
2024-05-15,-0.002033419496510369,-0.04305260359711751,-0.0037888891988848202,-0.0038241446018218994,0.00019522843558180157,0.0007336205083955063
2024-05-16,-0.00048686570107658866,-0.039756223809921616,-0.003319993587104461,-0.0037564809899777174,0.00019522843558180157,0.0007427528669940185
2024-05-17,0.0,-0.03976331670361869,-0.0029969194906910817,-0.0017794995801523328,0.00019522843558180157,0.000767635319966104
2024-05-18,0.0,-0.04105858034563686,-0.0024284128779103087,-0.002270724391564727,0.00019522843558180157,0.0007582567412821317
2024-05-19,0.0069485318231317095,-0.04219209052286619,-0.002628423733200684,-0.0021806543227285147,0.00019522843558180157,0.0007565396448516335
2024-05-20,0.0019545196238706097,-0.04240158143869132,-0.002904074540446829,-0.002947902772575617,0.00019522843558180157,0.0007463408255221865
2024-05-21,-0.00019747452094343032,-0.04439813793748907,-0.002743166067336501,-0.003373795421794057,0.00019522843558180157,0.0007359995416171443
2024-05-22,-0.004508623492406549,-0.04219522546821789,-0.003236429522687497,-0.0024611831177026033,0.00019522843558180157,0.000752956479242896
2024-05-23,0.009411989050762237,-0.03997008558197087,-0.003219572495815327,-0.001999097177758813,0.00019522843558180157,0.0007643382742550816
2024-05-24,0.0,-0.041566491186801786,-0.002121400499796907,-0.00269555626437068,0.00019522843558180157,0.0007516635769247821
2024-05-25,0.0,-0.032108821574549855,-0.0026176835057471998,-0.0028936590533703566,0.00035085618220051816,0.0007727921039460104
2024-05-26,0.0,-0.012864300349367941,-0.0034859147511042193,-0.00234409817494452,0.00019522843558180157,0.0008277823292779725
2024-05-27,0.0037705873819833258,-0.02703985475810157,-0.0023178390600812142,-0.0007776730344630778,0.00019522843558180157,0.0008121196446364162
2024-05-28,-0.007073338664500106,-0.060630571704937714,-0.0027131851944756117,-0.003038062946870923,0.00019522843558180157,0.0006996208502741183
2024-05-29,-0.01077114786967126,-0.047378825815288246,-0.002117517871780288,-0.004019369371235371,0.00035085618220051816,0.0007204670017585317
2024-05-30,-0.0018619915383393248,-0.06358487136189386,-0.0014717468854710735,-0.0012907617492601275,0.00019522843558180157,0.0007143095324780985
2024-05-31,0.0,-0.056602898601374185,-0.001553339039816287,0.0018947351491078734,0.00019522843558180157,0.0007718514032530234
2024-06-01,0.0,-0.01146139693555426,-0.001673568129681152,-0.0012861028080806136,0.00019522843558180157,0.0008447398256313325
2024-06-02,0.005354942872349611,-0.01074966494298026,-0.0017767982676501987,-0.0002550345379859209,0.00019522843558180157,0.0008594862628527502
2024-06-03,0.002732784069872096,-0.011444030174029342,-0.002167072930249364,-0.002481562551110983,0.00019522843558180157,0.0008297040837165044
2024-06-04,0.019959263729745658,-0.009610918367252445,-0.0031423354810035916,-0.0020049873273819685,0.00019522843558180157,0.0008402133317441457
2024-06-05,-0.00034523681430354003,-0.015690255609272213,-0.0052823667728192835,-0.0034845657646656036,0.00035085618220051816,0.0008062285260580612
2024-06-06,-0.0008852137505490631,-0.014260346916323602,-0.0031063306527750966,-0.0023007753770798445,0.00019522843558180157,0.0008248636363257712
2024-06-07,0.0,-0.012958710273325751,-0.0028894685270130986,-0.0017976171802729368,0.00019522843558180157,0.0008344670547144283
2024-06-08,0.0,-0.011562863891990413,-0.002775158112498544,-0.0010573985055088997,0.00019522843558180157,0.0008472813611397468
2024-06-09,0.004031090079095634,-0.01316116498117516,-0.0028239039924002757,-0.00010030076373368502,0.00019522843558180157,0.0008553225714739058
2024-06-10,0.006839282702586935,-0.012182181653380407,-0.0031530874494461723,-0.000312376010697335,0.00019522843558180157,0.0008550783670352057
2024-06-11,0.013012697282470675,-0.014255692443029587,-0.0024003470099446056,-0.001813822309486568,0.00019522843558180157,0.0008310553339264518
2024-06-12,0.00540558910898703,-0.017542682420328453,-0.0038282767903876015,-0.002538459375500679,0.00019522843558180157,0.0008136081439832635
2024-06-13,0.005167862031250969,-0.014877256579625396,-0.0033532517100488862,-0.002617706311866641,0.00019522843558180157,0.0008193140797882821
2024-06-14,0.0,-0.015427221646550736,-0.007027421009660973,-0.0020805567037314177,0.00019522843558180157,0.0008244223980008634
2024-06-15,0.0,-0.014271559784637603,-0.0069564603957225826,-0.002609808696433902,0.00019522843558180157,0.0008206591006778139
2024-06-16,0.012175416156098073,-0.015232723035944308,-0.007042818706034944,-0.002302163979038596,0.00019522843558180157,0.0008221193363652622
2024-06-17,0.0003091922891460541,-0.017899954294626427,-0.007860092175944688,-0.0032591933850198984,0.00019522843558180157,0.0008033439912448383
2024-06-18,0.0,-0.017653442307445737,-0.0033421958454806096,-0.0026075313799083233,0.00019522843558180157,0.0008124983132305174
2024-06-19,-0.00773786291404388,-0.015628796912456947,-0.0069788048707349285,-0.001967301592230797,0.00019522843558180157,0.0008253468645491207
2024-06-20,-0.0026828903941655824,-0.015334404791815583,-0.0067728848876782675,-0.0011635749833658338,0.00019522843558180157,0.0008362118472039175
2024-06-21,0.0,-0.01664775175901378,-0.003625044526771009,-0.0009778034873306751,0.00019522843558180157,0.0008354994879928347
2024-06-22,0.0,-0.015481771365807149,-0.003511433015314428,-0.0025653995107859373,0.00019522843558180157,0.0008184482239301807
2024-06-23,-0.013038103658470135,-0.015529200567847493,-0.003893051183569206,-0.0023569262120872736,0.00019522843558180157,0.0008209242218376443
2024-06-24,0.011370672366305179,-0.012309639828900378,-0.003271501846448832,0.0023831005673855543,0.00019522843558180157,0.000888667411618065
2024-06-25,0.00206303798099583,-0.017456866046827207,-0.003936180294768558,-0.001702053239569068,0.00019522843558180157,0.0008243391034361417
2024-06-26,0.0025780176028007418,-0.03323040797624726,-0.006086381483495215,-0.004180751275271177,0.00035085618220051816,0.0007535317463634683
2024-06-27,-0.0052044417581784685,-0.03843923107404139,-0.003744654238685585,-0.0029825589153915644,0.00019522843558180157,0.0007557536930501304
2024-06-28,0.0,-0.03465479159481326,-0.0032903523320321525,-0.005041623488068581,0.00019522843558180157,0.0007393455700097967
2024-06-29,0.0,-0.032632979740330255,-0.004404388743142863,-0.0026094671338796616,0.00019522843558180157,0.0007749232264431182
2024-06-30,0.005847909031011511,-0.05724648074500423,-0.0044231435034657865,-0.002179864328354597,0.00019522843558180157,0.0007187568220923883
2024-07-01,0.010444929306005157,-0.056944028557457976,-0.003625365375859666,-0.0030891806818544865,0.00019522843558180157,0.0007081312977297487
2024-07-02,0.008302536393946625,-0.05910480567032923,-0.0032980714143419857,-0.0031596445478498936,0.00019522843558180157,0.0007018639629644622
2024-07-03,0.0,-0.05901607404697627,-0.002898827081001276,-0.003727332456037402,0.00019522843558180157,0.000694972663072005
2024-07-04,0.010372864480713062,-0.058552315191933046,-0.00370447164536087,-0.0024270135909318924,0.00019522843558180157,0.0007124341946317252
2024-07-05,0.0,-0.061164094346318615,-0.00422466267105534,-0.004160068463534117,0.00019522843558180157,0.0006840551825672932
2024-07-06,0.0,-0.05891034305175488,-0.00737463658283312,-0.00266258860938251,0.00019522843558180157,0.000708299876193432
2024-07-07,0.0023754414793506484,-0.05913149062509304,-0.007275235009639134,-0.0028004352934658527,0.00019522843558180157,0.0007060196086300656
2024-07-08,0.0008642261192504108,-0.059032544346309446,-0.007492785356375963,-0.0020750355906784534,0.00019522843558180157,0.0007153784357907338
2024-07-09,0.010372521124065948,-0.05903365054108729,-0.007560296747699186,-0.003136045066639781,0.00019522843558180157,0.0007020201116506155
2024-07-10,-0.022174214127512748,-0.058419942232525904,-0.007835981977982912,-0.002914649900048971,0.00019522843558180157,0.000706320460715383
2024-07-11,0.0058576301260258035,-0.0545935216432399,-0.005956472337784171,-0.003169333329424262,0.00019522843558180157,0.000712828182780553
2024-07-12,0.0,-0.05877855348219335,-0.005805171372593836,-0.0027644443325698376,0.00019522843558180157,0.0007074653022539463
2024-07-13,0.0,-0.06074522765649833,-0.006074200900244844,-0.0029148936737328768,0.0003769460324490128,0.0007006324693870289
2024-07-14,0.00268424028693115,-0.062092793686564764,-0.006249127147190292,-0.0029956353828310966,0.00019522843558180157,0.0006962324924174886
2024-07-15,0.0003828753988877054,-0.059949860577201794,-0.0060304234656976185,-0.0032523360569030046,0.00019522843558180157,0.000698379370944603
2024-07-16,-0.02979435401762842,-0.06000339020887291,-0.007304540068948091,-0.00310355331748724,0.00019522843558180157,0.000700022277541655
2024-07-17,-0.004743782692838039,-0.05416653669085737,-0.005346090321004776,0.00031340954592451453,0.00019522843558180157,0.000757764718357979
2024-07-18,-0.008903099458584585,-0.056080282098745465,-0.005391162231461306,0.0007857104064896703,0.00019522843558180157,0.0007589170008626282
2024-07-19,0.0,-0.05568497544235328,-0.0050101721791287555,-0.0017773404251784086,0.0003769460324490128,0.0007276839094719088
2024-07-20,0.0,-0.05627352103199157,-0.005085749772637241,-0.002235633321106434,0.00019522843558180157,0.0007204393870086137
2024-07-21,0.01478785459106291,-0.05364209740972016,-0.005061068127803742,-0.0017414562171325088,0.00019522843558180157,0.0007332418830387579
2024-07-22,-0.0035308570962904184,-0.05731281337025339,-0.007628669355259339,-0.0027357693761587143,0.00019522843558180157,0.000711356271483963
2024-07-23,-0.036529485275631934,-0.056000633882654444,-0.006916074501753594,-0.003423271467909217,0.00019522843558180157,0.0007060412589337417
2024-07-24,-0.011088921742834046,-0.05912071773064614,-0.0037413650608647403,0.002038966165855527,0.00019522843558180157,0.0007672042650232004
2024-07-25,0.010203727104151739,-0.05094677065100693,-0.003178413980642277,0.004030110314488411,0.00019522843558180157,0.0008127477219852289
2024-07-26,0.0,-0.0620181664731335,-0.006186225345674824,-0.0009354208596050739,0.00035085618220051816,0.0007223472169820247
2024-07-27,0.0,-0.061893089206041925,-0.004415415873235603,-0.000367351429304108,0.00035085618220051816,0.00072994046967737
2024-07-28,0.0020067545871524928,-0.0366481149291367,-0.0039768465573106326,0.0012782824924215674,0.00035085618220051816,0.0008138302651702908
2024-07-29,-0.013826555421495357,-0.026565383252475167,-0.006607820557510512,-6.020107684889808e-05,0.00035085618220051816,0.0008220134954685696
2024-07-30,0.02916424659490069,-0.05595609738900267,-0.0051192837938051905,-0.0001108016149373725,0.00019522843558180157,0.0007479673207800247
2024-07-31,-0.024519617174318498,-0.032575973952912146,-0.006833181762954393,-0.0038136302027851343,3.0058956269786625e-05,0.0007597323786342162
2024-08-01,-0.024021145954296053,-0.04399103876733426,-0.005476710847748965,-0.0043418207205832005,0.0003769460324490128,0.0007246329403838995
2024-08-02,0.0,-0.041347939852726986,-0.0028947064409606104,0.004245465155690908,0.00019522843558180157,0.0008394901722531912
2024-08-03,0.0,-0.03895395617018953,-0.002264359350158246,0.004881967790424824,0.0003769460324490128,0.0008535348723489289
2024-08-04,-0.03026969553483827,-0.04225616688461277,-0.0025859437609025977,0.0033041774295270443,0.0003769460324490128,0.0008253972697375319
2024-08-05,0.009509729913681042,-0.03126198851184772,-0.0011026338093691323,0.013275351375341415,0.00035085618220051816,0.0009784757684845457
2024-08-06,-0.010888818554806612,-0.036830214493377395,0.006583944457422846,0.00737737538293004,0.0006111150635457677,0.0008909085214351035
2024-08-07,0.03013231458270127,-0.03181710844307921,-0.001847235516095076,0.008194549940526485,0.0003769460324490128,0.0009131005569036597
2024-08-08,0.0052088088564614665,-0.040774529470676946,-0.004979345916271518,-0.0030424422584474087,0.0003162897060863311,0.0007490660975541547
2024-08-09,0.0,-0.03891807820298135,-0.003971753788867426,0.0015390515327453613,0.00019522843558180157,0.000811433551432583
2024-08-10,0.0,-0.039280994004534706,-0.0062870269095843465,-0.0003661620430648327,0.00019522843558180157,0.0007863795583146053
2024-08-11,0.0021512777344980805,-0.037314053242303455,-0.005675076631765933,0.001434731762856245,0.00019522843558180157,0.000814005977724412
2024-08-12,0.024509958167167945,-0.040417726662942174,-0.006094143091030419,0.0014373552985489368,0.00019522843558180157,0.000806243812294123
2024-08-13,0.00032421567110230143,-0.04544528224020525,-0.008305874754865937,0.002246395917609334,0.0003162897060863311,0.0008036819900711512
2024-08-14,0.02494927467243535,-0.04138893601259741,-0.007305516783701846,-0.003325813449919224,0.00019522843558180157,0.0007437895613308532
2024-08-15,0.0012849546241113785,-0.046332161805738487,-0.00888675909882281,-0.006797519512474537,0.0003162897060863311,0.0006876219171167047
2024-08-16,0.0,-0.045643407159088156,-0.007488399445213967,-0.0026414517778903246,0.00019522843558180157,0.0007417445418138324
2024-08-17,0.0,-0.04626651621697003,-0.007490793562715394,-0.0018471279181540012,0.00019522843558180157,0.0007501805029846055
2024-08-18,0.013050483245022448,-0.04452353897053604,-0.007456467827845421,-0.0012839854462072253,0.00019522843558180157,0.0007616290534017734
2024-08-19,-0.002100819259855946,-0.04980351501643124,-0.007889255143987459,-0.0033319576177746058,0.00019522843558180157,0.0007226195370968696
2024-08-20,0.004653296858871947,-0.047644811107267454,-0.007981935242816762,-0.003192009637132287,0.00019522843558180157,0.0007297735409135038
2024-08-21,-0.01598195609007913,-0.025358451633670124,-0.009710988570845807,-0.00327453319914639,0.00019522843558180157,0.0007843551186844385
2024-08-22,0.010787139212975028,-0.06240150222299172,-0.007044296295907543,-0.002842700807377696,0.00019522843558180157,0.0006973251343534596
2024-08-23,0.0,-0.09895870065402897,-0.008714053416596503,-0.003968209493905306,0.00019522843558180157,0.0005915903962340904
2024-08-24,0.0,-0.07515581218933255,-0.007118210982974664,-0.0049234614707529545,0.0003769460324490128,0.0006392328566499699
2024-08-25,-0.00975576644871623,-0.062056673127736786,-0.008638059769011318,-0.002808209275826812,0.00035085618220051816,0.0006985025189966526
2024-08-26,0.0029828821612873924,-0.04903213660183244,-0.006681194034648402,-0.0012559941969811916,0.00019522843558180157,0.0007507610016142671
2024-08-27,-0.011412301772348421,-0.03987783711508925,-0.007548009168654312,-0.0017228956567123532,0.00019522843558180157,0.0007677206854490718
2024-08-28,-0.001464952863345026,-0.020981288814564774,-0.007266820128713496,-0.0014562183059751987,0.00019522843558180157,0.0008183669515332494
2024-08-29,0.011848955330997946,-0.024528837390754038,-0.006662757006458161,-2.2592066670767963e-05,0.00019522843558180157,0.0008275770298136906
2024-08-30,0.0,-0.018578530920576482,-0.007439104022105294,-0.003237226977944374,0.00019522843558180157,0.0008019544207754647
2024-08-31,0.0,-0.04877749687411783,-0.007066152084162286,-0.0024295959156006575,0.00035085618220051816,0.0007366019522434571
2024-09-01,0.0,-0.02571393614168047,-0.007314643225121854,-0.003289424814283848,0.00035085618220051816,0.0007834577313606988
2024-09-02,-0.03083136922802776,-0.025019894139690357,-0.00761010370824267,-0.0024682432413101196,0.00035085618220051816,0.0007955045694569481
2024-09-03,-0.002601853118891384,-0.020164029603510318,-0.006575944398657388,-0.0018121764296665788,0.00035085618220051816,0.0008159840355647724
2024-09-04,0.0009331091655182533,-0.019103711297673225,-0.005114818584313233,0.00018997602455783635,0.00035085618220051816,0.0008439384594328282
2024-09-05,-0.02715258100057394,-0.01876689778757058,-0.0057859634177787845,0.0032201961148530245,0.00035085618220051816,0.0008828595595739476
2024-09-06,0.0,-0.014975940582688628,-0.005335966496719741,0.0011707836529240012,0.00035085618220051816,0.0008665888695384092
2024-09-07,0.0,-0.014335002668036343,-0.003717914385972822,0.0021086817141622305,0.00035085618220051816,0.0008801146138223502
2024-09-08,0.0127776748158146,-0.014440686981639328,-0.003990834571436816,0.005301590543240309,0.00035085618220051816,0.0009200056774583384
2024-09-09,0.009199293892174332,-0.018555977945755017,-0.006737563190150489,-0.0007546801934950054,0.00035085618220051816,0.0008333007861649737
2024-09-10,0.021483010651460077,-0.017988143530093672,-0.007142678127549485,-0.000798264576587826,0.00035085618220051816,0.000834142507029074
2024-09-11,0.00976819115066796,-0.023149173757196505,-0.010230896998208134,-0.00481331255286932,0.00035085618220051816,0.0007704805290102082
2024-09-12,0.004469940815265971,-0.024007293619044353,-0.007705325001668074,-0.0057815867476165295,0.00035085618220051816,0.0007563392099454785
2024-09-13,0.0,-0.02536280748721467,-0.008446929640372,-0.0046540312469005585,0.00035085618220051816,0.0007670807713963033
2024-09-14,0.0,-0.026254833878192795,-0.00853354905496268,-0.003018919611349702,0.00035085618220051816,0.0007854172308410084
2024-09-15,-0.004427678067758123,-0.027827413437009663,-0.007934336581454295,-0.0012723515974357724,0.00035085618220051816,0.0008035050221158706
2024-09-16,0.000528133693473265,-0.02611143853645243,-0.008243843129060163,-0.0028649023734033108,0.00035085618220051816,0.0007877355761537488
2024-09-17,-0.004338952549277408,-0.025987405880036524,-0.007731991773247032,-0.0022804008331149817,0.00035085618220051816,0.0007954388142330588
2024-09-18,0.024969877108703464,-0.026135024972738518,-0.007592119433605969,-0.00248091877438128,0.00035085618220051816,0.0007925569229293557
2024-09-19,-0.0019051569233194954,-0.033524034182314935,-0.009024039772906191,-0.004936053417623043,0.0003162897060863311,0.0007430736757419969
2024-09-20,0.0,-0.02596208302221969,-0.0070611344467615255,-0.004105208907276392,0.00035085618220051816,0.0007725910768220975
2024-09-21,0.0,-0.010886041273703895,-0.006787592869951227,-0.0024484973400831223,0.00035085618220051816,0.0008311703530879749
2024-09-22,0.0012429052434868026,0.024172302477609087,-0.007296048035145678,-0.0008076693047769368,0.00035085618220051816,0.0009394769678614396
2024-09-23,0.00481202072682585,-0.042519367029234215,-0.00669842871838171,-0.0007212853524833918,0.00019522843558180157,0.0007737795457528965
2024-09-24,0.0009266982407236668,-0.023498906807119316,-0.008260495131711797,-0.002916113007813692,0.00035085618220051816,0.0007936251985167296
2024-09-25,0.00748498813878129,-0.048139543710390774,-0.008015365138413317,-0.0018875851528719068,0.00019522843558180157,0.0007449468263323329
2024-09-26,-0.005572528812550992,-0.025799909363955265,-0.008595583657903133,-0.003473178017884493,0.00035085618220051816,0.0007808347249960966
2024-09-27,0.0,-0.014306546948212782,-0.007845496526232648,-0.0017085764557123184,0.00019522843558180157,0.0008318451415338175
2024-09-28,0.0,-0.006439866022744476,-0.007442846085756708,-0.0016863433411344886,0.00019522843558180157,0.0008518334998886495
2024-09-29,0.0027081939368800434,-0.01711239223917178,-0.007280584948154233,-0.0016579701332375407,0.00035085618220051816,0.0008255053489296064
2024-09-30,-0.014030395009164032,-0.027437492487733996,-0.0077942319445750904,-0.0032276499550789595,0.00035085618220051816,0.000779887690581962
2024-10-01,0.0014119310499527415,-0.027811625229709862,-0.0074933003929369335,-0.003598356619477272,0.00019522843558180157,0.0007743097656339199
2024-10-02,-0.0007472445705447583,-0.02914518116480877,-0.0066124502636700526,0.00012566168152261525,0.00019522843558180157,0.0008178984704081664
2024-10-03,0.011827861826773756,-0.03347699298070014,-0.007486551577049368,-0.0029427444096654654,0.00035085618220051816,0.0007683878248996467
2024-10-04,0.0,-0.03787632907027239,-0.008002672805040096,-0.0033244513906538486,0.00019522843558180157,0.0007525413351088633
2024-10-05,0.0,-0.036128748367877224,-0.006901718824977466,-0.004857634659856558,0.00019522843558180157,0.0007377034582696353
2024-10-06,-0.010769430074629938,-0.03625503912525603,-0.00760856695408194,-0.0025778310373425484,0.00019522843558180157,0.0007660210667820052
2024-10-07,0.014824236883501207,-0.03390428393666872,-0.007212501897782133,-0.002566940849646926,0.00019522843558180157,0.0007720681293397082
2024-10-08,0.007837589104925158,-0.040848222951269574,-0.007032348932915292,-0.0006704693660140038,0.00019522843558180157,0.0007785743428290819
2024-10-09,-0.0011362023662320198,-0.03408289110330777,-0.007209890236927981,-0.00392269529402256,0.00019522843558180157,0.0007545623043604015
2024-10-10,0.0015619456494668782,-0.03256422992760987,-0.00704385990031756,-0.0034643402323126793,0.00019522843558180157,0.0007641410567340022
2024-10-11,0.0,-0.033582162873543625,-0.0060694066002985,-0.0035634238738566637,0.00019522843558180157,0.0007604208308460976
2024-10-12,0.0,-0.03321751106673652,-0.007420625445274897,-0.0022822946775704622,0.00019522843558180157,0.0007773521795314826
2024-10-13,0.008356425915409638,-0.0328682386230837,-0.007626662038459676,-0.001585146994329989,0.00019522843558180157,0.0007869825677521984
2024-10-14,-0.013456974460116733,-0.034384094928125136,-0.008027951191492255,-0.0033945897594094276,0.00019522843558180157,0.0007603927215003188
2024-10-15,0.0001222294656013645,-0.03077187803421522,-0.007114027672119544,-0.002815213054418564,0.00019522843558180157,0.0007767872335065491
2024-10-16,0.0006923515793388901,-0.028150877027785057,-0.006678299851648989,-0.0003415656101424247,0.00019522843558180157,0.0008145017509094046
2024-10-17,0.0065333186982101665,-0.028351285080045724,-0.0074862716840262845,-0.0027577090077102184,0.00035085618220051816,0.0007835380637521698
2024-10-18,0.0,-0.030128230174500135,-0.0063161468189130675,-0.00029395008459687233,0.00019522843558180157,0.0008101816316498636
2024-10-19,0.0,-0.030014936475775265,-0.006491163028884048,-0.002400106517598033,0.00019522843558180157,0.0007839505257608114
2024-10-20,0.001919405775710814,-0.02981763653714098,-0.00696747849149095,-0.0008016243809834123,0.00019522843558180157,0.0008045218824574248
2024-10-21,0.0010893906542497334,-0.030267930028183752,-0.007081673676253376,-0.0010409532114863396,0.00019522843558180157,0.0008003754976947497
2024-10-22,-0.015442439510986894,-0.03159159802131969,-0.006834502289852215,-0.002204300370067358,0.00019522843558180157,0.0007824446264605744
2024-10-23,0.008076072773077314,-0.03738134898356198,-0.0069278955397681285,0.0005450746975839138,0.00019522843558180157,0.0008025495243818037
2024-10-24,0.006075106773165473,-0.05478620605012069,-0.006168098792112825,-0.00295114703476429,0.00035085618220051816,0.0007150757566842891
2024-10-25,0.0,-0.02777104558842363,-0.006506351472819912,-0.0007665554876439273,0.0003769460324490128,0.0008101171817796374
2024-10-26,0.0,0.052625209620819846,-0.007304471015330183,1.3247182323539164e-05,0.00019522843558180157,0.001020980684401094
2024-10-27,0.00016149870836201785,-0.04322550186895743,-0.00643077351101028,-0.00070161436451599,0.00035085618220051816,0.0007722806870145371
2024-10-28,0.00956253017785258,-0.06495316906773152,-0.007169779944335707,-0.0016543064266443253,0.00019522843558180157,0.0007058861300706028
2024-10-29,-0.00758628480296597,-0.058745418264679716,-0.006995929001435939,-0.002214907668530941,0.00019522843558180157,0.0007143738562703896
2024-10-30,-0.025566821103194748,-0.069748384846378,-0.006330588627916036,0.003691330784931779,0.00019522843558180157,0.0007612169475139292
2024-10-31,0.007371749057366372,-0.05778760028645867,-0.004120708321031537,0.0031850705854594707,0.00019522843558180157,0.0007849319256704561
2024-11-01,0.0,-0.03208995330727747,-0.004671157015523424,0.0007507965201511979,0.00019522843558180157,0.0008185432970276423
2024-11-02,0.0,-0.03310142517291528,-0.005092831669795815,0.0025789844803512096,0.0003769460324490128,0.0008389853509162132
2024-11-03,-0.0029174905638225113,-0.03223540705048743,-0.004500883078551142,0.006109470501542091,0.00019522843558180157,0.0008856194924871092
2024-11-04,0.012676254874405046,-0.02954669389732827,-0.004334775009444722,0.005647370126098394,0.00019522843558180157,0.0008865431941789661
2024-11-05,0.026800830393324482,-0.03512468956977807,-0.005841102415103411,0.002962492872029543,0.00019522843558180157,0.000838693814965316
2024-11-06,0.015621638033348262,-0.04301637867553682,-0.00666045492662647,0.0007456273306161165,0.00035085618220051816,0.000790997033045714
2024-11-07,0.0011676787875094519,-0.042625492781447345,-0.003771694784993108,-0.0033982438035309315,0.00019522843558180157,0.0007400492508865274
2024-11-08,0.0,-0.04200359841342912,-0.005562914476272237,-0.0006601739441975951,0.00019522843558180157,0.0007759236257303256
2024-11-09,0.0,-0.042249096748953864,-0.005968241384829435,-0.0007004608632996678,0.00019522843558180157,0.0007747722719561062
2024-11-10,-0.0005836689595453137,-0.04407727692108871,-0.005856530220636579,-0.0002671957481652498,0.00019522843558180157,0.0007756591419955686
2024-11-11,-0.001811541766409519,-0.043365286335777485,-0.006527714762179127,-0.001003469922579825,0.00019522843558180157,0.0007681255669455803
2024-11-12,-0.0012876040641183195,-0.041865128417412766,-0.006234011198542112,-0.0013504951493814588,0.00019522843558180157,0.0007675336152984815
2024-11-13,-0.006973993435151371,-0.04028643804647273,-0.002515435669048416,-0.0006725368439219892,0.00019522843558180157,0.000780291475448708
2024-11-14,-0.024114333227992724,-0.04003586966018675,-0.0026334781864324735,-0.0004851853591389954,0.00019522843558180157,0.0007832668556152013
2024-11-15,0.0,-0.03652947600914411,-0.0013707705080784794,0.003981086425483227,0.00019522843558180157,0.0008483308989207059
2024-11-16,0.0,-0.03805136222616567,-0.0014433522142695764,0.0017434586770832539,0.00019522843558180157,0.0008163627734898486
2024-11-17,0.006923637166347696,-0.03810171103416502,-0.0019278282836777086,-0.00011684147466439754,0.0003769460324490128,0.0007927927391707456
2024-11-18,0.006856167487820031,-0.039735589970540185,-0.0019549168256303264,0.0012326485011726618,0.00019522843558180157,0.0008056839783039663
2024-11-19,-0.0005761799430237247,-0.03984786310304047,-0.0030127544065923417,-0.000975119648501277,0.00019522843558180157,0.0007775440231253474
2024-11-20,0.0035907393636973595,-0.029421930216791528,-0.006541743957915803,-0.0020375072490423918,0.00035085618220051816,0.0007899926733735897
2024-11-21,0.0016027388493764505,-0.05408037444790675,-0.003882347220124421,-0.0006451890803873539,0.00019522843558180157,0.0007460278454170968
2024-11-22,0.0,-0.03438334995181938,-0.0027468206753577906,-0.0018481132574379444,0.00019522843558180157,0.0007802486474998918
2024-11-23,0.0,-0.044156353098175685,-0.004181476178316323,-0.0008721177000552416,0.00035085618220051816,0.0007679749858678937
2024-11-24,0.0015804345532668407,0.012989214794286377,-0.0029258643691120554,-0.0005911501939408481,0.00035085618220051816,0.0009145537898517773
2024-11-25,0.005354870557302327,-0.013785921568301341,-0.002914324845831716,0.00042451670742593706,0.00019522843558180157,0.0008603566728796286
2024-11-26,-0.007904556192789514,-0.04180359470214985,-0.0065475279774798644,-0.0007833695271983743,0.00019522843558180157,0.0007748001404909023
2024-11-27,0.0,-0.03822870107107005,-0.006504317411969738,-0.001121259294450283,0.00035085618220051816,0.0007794943503300251
2024-11-28,0.008748479504737894,-0.06362677488512039,-0.006076691583517788,-0.000733849941752851,0.00035085618220051816,0.0007208678125559132
2024-11-29,0.0,-0.055741626368368165,-0.00683964619551013,-0.0030825473368167877,0.00019522843558180157,0.0007109821577961248
2024-11-30,0.0,0.017152788457210594,-0.006461624644546208,-0.002483610762283206,0.00035085618220051816,0.0009008919833420224
2024-12-01,0.010829057172113465,-0.01915813352402422,-0.006524089553944326,-0.002649763599038124,0.00019522843558180157,0.0008079649396809236
2024-12-02,0.0030615432377105734,-0.02173923839871291,-0.007127739394346017,-0.0021895922254770994,0.00019522843558180157,0.0008072534215308126
2024-12-03,0.012287080254524518,-0.024060312181253284,-0.006688896991667998,-0.001716808881610632,0.00019522843558180157,0.0008074290384197824
2024-12-04,-0.0027749355171398093,-0.02842707180279295,-0.007263623349500653,-0.003995520528405905,0.00019522843558180157,0.0007677899579790337
2024-12-05,0.008909807198054231,-0.025277487858921345,-0.006333729997339226,-0.0008673742995597422,0.00019522843558180157,0.0008150991361495952
2024-12-06,0.0,-0.027554745568139506,-0.006604170521459261,-0.0034402459859848022,0.00019522843558180157,0.0007770083323147401
2024-12-07,0.0,-0.02858868722475879,-0.006347953743254548,-0.0019588451832532883,0.00019522843558180157,0.0007930813154305161
2024-12-08,-0.007818051757729094,-0.029613508906017244,-0.006074909250591161,-0.0016076022293418646,0.00019522843558180157,0.0007949577807270638
2024-12-09,-0.003413299829669647,-0.026807674740375993,-0.006337741815360007,-0.0012690768344327807,0.00019522843558180157,0.0008062165198715913
2024-12-10,0.01774405919637534,-0.02922785959844265,-0.005915896623263663,-0.0018435792298987508,0.00019522843558180157,0.000792965115346734
2024-12-11,-0.006474720182810145,-0.03334794863305693,-0.006968894780936862,-0.002425071084871888,0.00035085618220051816,0.0007752631455060254
2024-12-12,0.007625175305220999,-0.030655659251971973,-0.005077034353721234,-0.001341575407423079,0.00019522843558180157,0.0007957728517063668
2024-12-13,0.0,-0.032824647644515204,-0.005131212232731639,-0.0016437933081761003,0.00019522843558180157,0.0007865403213240156
2024-12-14,0.0,-0.029235853080805396,-0.005122048734933753,-0.0011192612582817674,0.00019522843558180157,0.0008021184694266463
2024-12-15,0.014297988499857972,-0.030949156636968372,-0.005630072544139235,-0.001271367771551013,0.00019522843558180157,0.0007958807150928196
2024-12-16,-0.004413538268600803,-0.03263450457601086,-0.00667201437005471,-0.002611170057207346,0.00019522843558180157,0.0007747283768930511
2024-12-17,-0.03674375349037451,-0.03535144309090628,-0.005850137042939924,-0.0002870065800379962,0.00019522843558180157,0.000797237999397268
2024-12-18,-0.004463253547543289,-0.04519176630857692,-0.0041719314191751575,0.002319982275366783,0.00035085618220051816,0.0008055512839084694
2024-12-19,0.00869461244459302,-0.04399099954349378,-0.001557117430853571,0.002514028921723366,0.00035085618220051816,0.0008111922321327106
2024-12-20,0.0,-0.043500034796168006,-0.003161144850252412,0.000651786511298269,0.0003769460324490128,0.0007888681163580129
2024-12-21,0.0,-0.004504636284078272,-0.0015840867375946257,-0.0042215678840875626,0.00019522843558180157,0.0008252123675739286
2024-12-22,0.00808430468451693,-0.04535618749319022,-0.000285713330120031,-0.0016152587486431003,0.00035085618220051816,0.0007559141656200009
2024-12-23,0.013468664798222285,-0.0532613269532065,-0.0016053414325214723,-0.0038958764635026455,0.00035085618220051816,0.0007073441363429976
2024-12-24,0.0,-0.07529104025051027,-0.0029947771719416303,-0.006429764907807112,0.00035085618220051816,0.0006202494290658879
2024-12-25,-0.0006795273771240673,-0.0317192074979169,-0.0018087011859955267,-0.0015431746141985059,0.00035085618220051816,0.0007908201540318006
2024-12-26,-0.013382194840698247,-0.031173870185341422,-0.001875664951721575,-0.0004938890342600644,0.00035085618220051816,0.0008053822932586848
2024-12-27,0.0,-0.024574511521800357,-0.0004327497082367996,-0.0009326591389253736,0.00019522843558180157,0.0008164775268122344
2024-12-28,0.0,-0.028244738479014743,2.2488665170604417e-05,0.00016903027426451445,0.00035085618220051816,0.0008211928875838328
2024-12-29,-0.013389144025394373,0.017215015686720923,-0.0014521734450956086,-0.001218699268065393,0.0003769460324490128,0.0009173385006442777
2024-12-30,-0.008531078969294725,-0.06903193076105316,-0.0005107233792481384,0.000993395340628922,0.00019522843558180157,0.0007294967768074484
2024-12-31,0.0,-0.05984094184077521,-0.0007237894857372461,-0.0012024343013763428,0.00019522843558180157,0.0007248423179645929
2025-01-01,-0.001957982337976283,-0.1276950074656158,-0.0022111177703527424,-0.0022508068941533566,0.00035085618220051816,0.0005418027655027901
2025-01-02,0.01623270254316722,-0.1274091164928219,-0.0022721417261544977,-4.165143764112145e-05,0.00019522843558180157,0.0005703107961084069
2025-01-03,0.0,-0.13134159205393955,-0.003791298430694458,-0.003533661598339677,0.00019522843558180157,0.0005164207021378171
2025-01-04,0.0,-0.12911077815470187,-0.002271593214697164,-0.0014894189080223441,0.00019522843558180157,0.0005478371143298314
2025-01-05,0.011427381043588092,-0.12913702350228973,-0.002719007370729923,-9.259663056582212e-05,0.00019522843558180157,0.0005653139818350809
