"Date","Price","Open","High","Low","Vol.","Change %"
"06/27/2019","10.96","10.89","11.54","10.27","","-0.18%"
"06/26/2019","10.98","11.38","11.65","10.86","","-3.94%"
"06/25/2019","11.43","11.26","11.61","10.92","","1.33%"
"06/24/2019","11.28","10.70","11.43","10.39","","5.92%"
"06/21/2019","10.65","10.16","10.92","9.73","","3.60%"
"06/20/2019","10.28","10.61","10.92","9.26","","-7.05%"
"06/19/2019","11.06","11.06","11.60","10.39","","0.82%"
"06/18/2019","10.97","10.88","11.69","9.36","","0.18%"
"06/17/2019","10.95","10.12","11.81","10.12","","8.20%"
"06/14/2019","10.12","10.18","11.85","10.12","","1.30%"
"06/13/2019","9.99","11.30","11.73","9.99","","-11.28%"
"06/12/2019","11.26","10.75","12.07","10.75","","-3.26%"
"06/11/2019","11.64","10.83","11.88","10.83","","2.11%"
"06/10/2019","11.40","10.77","12.06","10.77","","1.42%"
"06/07/2019","11.24","12.73","12.73","9.99","","-12.12%"
"06/06/2019","12.79","12.39","13.12","11.88","","1.35%"
"06/05/2019","12.62","13.27","13.52","11.99","","-3.44%"
"06/04/2019","13.07","13.08","14.36","12.71","","-2.32%"
"06/03/2019","13.38","13.85","15.46","13.01","","-1.25%"
"05/31/2019","13.55","13.24","15.31","13.24","","4.96%"
"05/30/2019","12.91","13.79","14.19","12.54","","-6.72%"
"05/29/2019","13.84","12.41","14.97","12.41","","12.34%"
"05/28/2019","12.32","12.93","14.00","12.32","","-4.72%"
"05/27/2019","12.93","12.93","12.93","12.93","","-0.15%"
"05/24/2019","12.95","13.34","13.73","12.44","","-2.26%"
"05/23/2019","13.25","11.18","14.09","11.18","","5.75%"
"05/22/2019","12.53","12.89","12.89","10.61","","-2.94%"
"05/21/2019","12.91","12.01","12.91","11.05","","6.52%"
"05/20/2019","12.12","10.44","13.56","10.44","","4.84%"
"05/17/2019","11.56","12.02","13.62","10.50","","-3.18%"
"05/16/2019","11.94","12.02","13.78","10.88","","-11.23%"
"05/15/2019","13.45","14.04","16.38","11.72","","-4.61%"
"05/14/2019","14.10","14.19","14.97","13.27","","-0.84%"
"05/13/2019","14.22","13.98","16.75","6.58","","-2.74%"
"05/10/2019","14.62","14.19","15.26","7.83","","-1.95%"
"05/09/2019","14.91","12.95","16.82","7.79","","11.19%"
"05/08/2019","13.41","13.35","15.00","12.71","","-0.37%"
"05/07/2019","13.46","10.06","14.25","10.06","","33.80%"
"05/06/2019","10.06","10.06","10.06","10.06","","-5.81%"
"05/03/2019","10.68","11.73","11.73","10.48","","-8.95%"
"05/02/2019","11.73","11.90","12.29","10.42","","0.77%"
"04/30/2019","11.64","9.86","11.64","9.86","","4.30%"
"04/29/2019","11.16","10.01","11.43","9.81","","5.88%"
"04/26/2019","10.54","10.60","10.86","9.48","","0.48%"
"04/25/2019","10.49","10.25","11.31","9.12","","2.64%"
"04/24/2019","10.22","10.69","10.85","9.37","","-2.01%"
"04/23/2019","10.43","8.04","10.43","8.04","","21.28%"
"04/18/2019","8.60","9.81","9.81","8.60","","-12.60%"
"04/17/2019","9.84","10.57","10.57","8.14","","5.58%"
"04/16/2019","9.32","10.12","10.12","8.47","","-5.38%"
"04/15/2019","9.85","10.06","10.56","9.44","","-1.89%"
"04/12/2019","10.04","9.16","10.08","8.73","","4.15%"
"04/11/2019","9.64","11.60","12.06","8.84","","-17.40%"
"04/10/2019","11.67","11.54","12.06","10.19","","0.00%"
"04/09/2019","11.67","12.29","12.46","11.15","","1.04%"
"04/08/2019","11.55","10.74","12.47","10.74","","5.19%"
"04/05/2019","10.98","11.40","12.05","10.54","","-5.02%"
"04/04/2019","11.56","12.26","12.47","11.07","","-4.78%"
"04/03/2019","12.14","12.85","12.85","10.40","","-4.48%"
"04/02/2019","12.71","12.68","13.26","11.80","","-1.09%"
"04/01/2019","12.85","12.64","13.54","12.10","","0.00%"
"03/29/2019","12.85","15.13","15.13","12.35","","-9.82%"
"03/28/2019","14.25","13.83","15.15","13.42","","0.92%"
"03/27/2019","14.12","13.12","15.27","12.82","","3.44%"
"03/26/2019","13.65","14.41","15.29","13.43","","-3.87%"
"03/25/2019","14.20","14.29","16.50","14.20","","0.14%"
"03/22/2019","14.18","12.14","15.26","11.70","","13.17%"
"03/21/2019","12.53","12.64","13.78","11.18","","1.29%"
"03/20/2019","12.37","12.24","13.11","10.98","","1.81%"
"03/19/2019","12.15","12.42","12.42","10.63","","-0.57%"
"03/18/2019","12.22","11.78","12.43","10.84","","2.35%"
"03/15/2019","11.94","11.61","13.14","11.01","","-6.13%"
"03/14/2019","12.72","12.06","13.48","11.55","","-8.03%"
"03/13/2019","13.83","11.89","13.97","11.10","","3.98%"
"03/12/2019","13.30","15.33","15.33","10.55","","4.97%"
"03/11/2019","12.67","11.59","14.06","10.93","","-0.47%"
"03/08/2019","12.73","14.90","16.15","10.37","","-10.54%"
"03/07/2019","14.23","13.05","15.75","10.02","","9.97%"
"03/06/2019","12.94","13.90","14.68","11.32","","-3.00%"
"03/05/2019","13.34","13.22","14.38","11.38","","-0.07%"
"03/04/2019","13.35","12.23","13.93","11.34","","6.97%"
"03/01/2019","12.48","13.41","14.14","11.23","","-7.49%"
"02/28/2019","13.49","13.63","14.09","12.15","","-4.66%"
"02/27/2019","14.15","12.39","14.35","3.45","","8.26%"
"02/26/2019","13.07","12.12","13.91","6.01","","1.24%"
"02/25/2019","12.91","11.78","13.54","5.32","","3.86%"
"02/22/2019","12.43","13.54","13.91","4.51","","-10.32%"
"02/21/2019","13.86","13.74","14.50","11.10","","1.17%"
"02/20/2019","13.70","12.84","13.86","10.63","","-3.86%"
"02/19/2019","14.25","14.36","14.65","11.65","","0.28%"
"02/18/2019","14.21","14.04","14.72","8.22","","3.80%"
"02/15/2019","13.69","12.89","17.31","12.23","","5.31%"
"02/14/2019","13.00","12.76","13.98","11.17","","-4.34%"
"02/13/2019","13.59","13.27","13.93","12.76","","-3.96%"
"02/12/2019","14.15","13.38","14.48","13.30","","6.07%"
"02/11/2019","13.34","15.04","16.13","13.34","","-11.95%"
"02/08/2019","15.15","12.69","15.32","12.57","","10.42%"
"02/07/2019","13.72","12.82","15.80","10.94","","10.82%"
"02/06/2019","12.38","11.84","13.33","10.93","","-5.28%"
"02/05/2019","13.07","13.98","14.81","12.32","","4.98%"
"02/04/2019","12.45","12.04","13.98","12.04","","-3.49%"
"02/01/2019","12.90","12.55","14.62","12.55","","-7.39%"
"01/31/2019","13.93","14.84","16.82","12.71","","-6.64%"
"01/30/2019","14.92","14.88","15.87","13.06","","-5.27%"
"01/29/2019","15.75","15.60","16.12","13.77","","1.42%"
"01/28/2019","15.53","13.90","16.65","13.41","","13.44%"
"01/25/2019","13.69","14.40","15.04","13.09","","-13.63%"
"01/24/2019","15.85","15.09","16.08","13.90","","0.51%"
"01/23/2019","15.77","15.84","16.78","13.83","","-0.94%"
"01/22/2019","15.92","15.84","16.23","13.67","","4.46%"
"01/21/2019","15.24","14.98","15.50","12.46","","6.35%"
"01/18/2019","14.33","16.24","16.24","13.37","","-9.53%"
"01/17/2019","15.84","16.77","16.77","14.33","","-5.04%"
"01/16/2019","16.68","15.03","16.92","14.72","","3.09%"
"01/15/2019","16.18","18.45","18.45","15.14","","-12.73%"
"01/14/2019","18.54","17.31","18.64","15.62","","10.16%"
"01/11/2019","16.83","20.42","20.42","15.40","","-12.39%"
"01/10/2019","19.21","15.77","19.21","15.77","","10.09%"
"01/09/2019","17.45","18.56","18.56","15.48","","6.21%"
"01/08/2019","16.43","18.52","18.82","16.43","","-13.93%"
"01/07/2019","19.09","18.78","20.23","17.28","","4.55%"
"01/04/2019","18.26","20.99","21.34","14.80","","-16.20%"
"01/03/2019","21.79","22.14","23.09","16.46","","6.24%"
"01/02/2019","20.51","22.09","23.55","20.51","","-7.15%"
"12/31/2018","22.09","22.41","23.27","20.20","","-1.52%"
"12/28/2018","22.43","24.75","24.75","20.83","","-9.88%"
"12/27/2018","24.89","20.20","25.33","18.22","","23.28%"
"12/24/2018","20.19","21.31","21.61","18.45","","-12.45%"
"12/21/2018","23.06","19.71","23.06","16.01","","15.18%"
"12/20/2018","20.02","17.93","20.47","17.49","","-2.44%"
"12/19/2018","20.52","20.78","20.99","14.95","","-4.20%"
"12/18/2018","21.42","19.44","21.42","15.29","","9.96%"
"12/17/2018","19.48","20.31","20.31","16.96","","12.60%"
"12/14/2018","17.30","21.57","21.57","16.73","","-10.13%"
"12/13/2018","19.25","18.76","20.81","16.84","","2.07%"
"12/12/2018","18.86","19.50","20.49","17.99","","-4.70%"
"12/11/2018","19.79","20.74","23.97","19.43","","-12.36%"
"12/10/2018","22.58","23.22","24.76","16.66","","-3.05%"
"12/07/2018","23.29","21.39","23.33","15.00","","6.83%"
"12/06/2018","21.80","18.17","24.24","17.80","","11.45%"
"12/05/2018","19.56","18.03","20.11","16.26","","16.15%"
"12/04/2018","16.84","15.29","17.09","14.48","","4.53%"
"12/03/2018","16.11","17.80","17.80","11.21","","-9.80%"
"11/30/2018","17.86","16.33","17.96","15.12","","8.57%"
"11/29/2018","16.45","15.86","17.80","14.63","","-7.11%"
"11/28/2018","17.71","18.33","18.33","14.04","","13.09%"
"11/27/2018","15.66","17.92","17.92","14.45","","-11.92%"
"11/26/2018","17.78","18.80","18.80","15.05","","-0.17%"
"11/23/2018","17.81","18.01","18.76","12.48","","0.06%"
"11/22/2018","17.80","16.98","17.94","14.54","","4.95%"
"11/21/2018","16.96","15.57","19.49","12.30","","-10.45%"
"11/20/2018","18.94","17.58","19.50","15.20","","10.95%"
"11/19/2018","17.07","18.58","18.58","13.81","","-5.48%"
"11/16/2018","18.06","15.43","23.02","12.22","","-9.52%"
"11/15/2018","19.96","19.55","22.64","14.51","","-7.93%"
"11/14/2018","21.68","16.60","21.68","14.90","","31.00%"
"11/13/2018","16.55","18.22","18.22","15.43","","-7.13%"
"11/12/2018","17.82","15.61","17.82","13.35","","9.59%"
"11/09/2018","16.26","15.45","16.26","13.59","","4.63%"
"11/08/2018","15.54","15.14","16.42","13.14","","2.44%"
"11/07/2018","15.17","17.22","17.22","13.98","","-8.23%"
"11/06/2018","16.53","16.24","16.86","14.27","","10.64%"
"11/05/2018","14.94","16.71","17.11","14.94","","-7.49%"
"11/02/2018","16.15","16.78","16.78","10.96","","-4.44%"
"11/01/2018","16.90","17.27","17.27","12.85","","0.36%"
"10/31/2018","16.84","18.62","18.62","11.98","","-8.28%"
"10/30/2018","18.36","17.85","19.68","16.21","","-0.65%"
"10/29/2018","18.48","16.60","18.97","16.60","","-1.96%"
"10/26/2018","18.85","16.47","20.97","16.47","","14.80%"
"10/25/2018","16.42","17.17","18.87","15.59","","-4.92%"
"10/24/2018","17.27","16.79","17.70","15.31","","-2.15%"
"10/23/2018","17.65","15.80","18.34","14.44","","15.21%"
"10/22/2018","15.32","15.63","16.02","14.11","","-2.23%"
"10/19/2018","15.67","15.48","16.52","14.53","","1.36%"
"10/18/2018","15.46","15.40","15.86","13.67","","-0.39%"
"10/17/2018","15.52","15.39","19.97","13.32","","1.11%"
"10/16/2018","15.35","15.99","15.99","14.62","","-3.64%"
"10/15/2018","15.93","16.25","17.34","14.65","","0.50%"
"10/12/2018","15.85","15.59","17.22","15.23","","1.67%"
"10/11/2018","15.59","15.21","18.55","15.11","","1.70%"
"10/10/2018","15.33","14.32","28.24","13.49","","11.90%"
"10/09/2018","13.70","14.49","15.28","13.63","","-9.45%"
"10/08/2018","15.13","13.59","15.13","13.21","","11.33%"
"10/05/2018","13.59","12.51","34.91","10.31","","8.98%"
"10/04/2018","12.47","10.96","12.75","10.91","","13.99%"
"10/03/2018","10.94","11.91","12.17","10.76","","-9.59%"
"10/02/2018","12.10","11.47","12.72","10.49","","4.49%"
"10/01/2018","11.58","11.68","12.14","11.30","","-1.45%"
"09/28/2018","11.75","11.30","13.53","10.80","","3.89%"
"09/27/2018","11.31","11.71","12.11","10.81","","-1.48%"
"09/26/2018","11.48","11.65","11.70","10.78","","-0.78%"
"09/25/2018","11.57","11.99","11.99","11.09","","-2.45%"
"09/24/2018","11.86","11.31","12.20","11.16","","4.40%"
"09/21/2018","11.36","12.25","12.25","10.55","","-4.22%"
"09/20/2018","11.86","12.18","12.34","11.04","","-2.63%"
"09/19/2018","12.18","12.50","12.73","11.10","","-1.69%"
"09/18/2018","12.39","12.76","12.84","11.71","","2.99%"
"09/17/2018","12.03","11.83","12.65","11.27","","0.59%"
"09/14/2018","11.96","12.11","12.63","11.23","","-2.29%"
"09/13/2018","12.24","13.08","13.37","11.12","","-6.06%"
"09/12/2018","13.03","13.01","13.38","12.43","","-0.46%"
"09/11/2018","13.09","13.47","14.07","12.75","","-2.68%"
"09/10/2018","13.45","13.64","14.07","13.06","","-1.61%"
"09/07/2018","13.67","14.06","14.67","13.13","","0.59%"
"09/06/2018","13.59","13.81","14.13","13.22","","-1.66%"
"09/05/2018","13.82","13.19","14.27","12.81","","4.22%"
"09/04/2018","13.26","12.84","14.08","11.77","","3.92%"
"09/03/2018","12.76","12.99","13.18","12.25","","-1.24%"
"08/31/2018","12.92","12.24","13.02","11.53","","8.85%"
"08/30/2018","11.87","11.25","12.74","10.99","","3.76%"
"08/29/2018","11.44","11.29","11.72","10.22","","1.69%"
"08/28/2018","11.25","10.68","11.25","9.96","","5.34%"
"08/27/2018","10.68","10.68","10.68","10.68","","-1.11%"
"08/24/2018","10.80","11.80","11.80","10.45","","-6.74%"
"08/23/2018","11.58","11.65","11.91","10.52","","-1.61%"
"08/22/2018","11.77","11.67","12.02","11.40","","0.68%"
"08/21/2018","11.69","12.52","12.52","11.00","","-5.42%"
"08/20/2018","12.36","10.69","12.72","10.69","","-4.11%"
"08/17/2018","12.89","14.28","14.28","11.86","","-6.93%"
"08/16/2018","13.85","13.17","14.65","12.43","","-7.11%"
"08/15/2018","14.91","13.98","16.12","11.48","","9.39%"
"08/14/2018","13.63","14.15","14.15","11.52","","-6.00%"
"08/13/2018","14.50","13.70","14.50","11.14","","13.81%"
"08/10/2018","12.74","11.88","14.25","8.71","","8.80%"
"08/09/2018","11.71","12.21","12.21","8.90","","0.17%"
"08/08/2018","11.69","10.40","12.14","10.29","","5.03%"
"08/07/2018","11.13","11.79","11.79","10.34","","0.54%"
"08/06/2018","11.07","11.41","12.08","10.71","","-5.14%"
"08/03/2018","11.67","12.56","12.70","11.40","","-9.25%"
"08/02/2018","12.86","12.36","13.73","11.49","","4.21%"
"08/01/2018","12.34","11.63","12.52","11.38","","6.01%"
"07/31/2018","11.64","12.19","11.86","11.20","","1.31%"
"07/30/2018","11.49","11.54","12.03","11.06","","1.50%"
"07/27/2018","11.32","12.96","12.96","9.66","","-0.18%"
"07/26/2018","11.34","11.51","11.98","10.03","","-4.47%"
"07/25/2018","11.87","11.11","12.54","9.61","","4.21%"
"07/24/2018","11.39","11.98","11.98","9.74","","-5.71%"
"07/23/2018","12.08","10.54","12.54","10.19","","5.32%"
"07/20/2018","11.47","11.54","12.52","10.51","","-1.80%"
"07/19/2018","11.68","11.52","11.77","10.10","","1.13%"
"07/18/2018","11.55","12.36","12.36","10.85","","-7.75%"
"07/17/2018","12.52","12.56","12.73","11.24","","7.47%"
"07/16/2018","11.65","10.94","12.30","10.62","","-0.43%"
"07/13/2018","11.70","11.07","11.92","9.85","","6.36%"
"07/12/2018","11.00","12.57","12.57","10.86","","-7.49%"
"07/11/2018","11.89","10.98","12.66","10.40","","3.57%"
"07/10/2018","11.48","12.84","12.84","11.04","","-1.20%"
"07/09/2018","11.62","12.70","12.75","11.62","","-9.78%"
"07/06/2018","12.88","13.69","13.73","8.64","","-3.30%"
"07/05/2018","13.32","14.12","14.19","12.37","","-6.39%"
"07/04/2018","14.23","14.15","14.39","13.33","","4.33%"
"07/03/2018","13.64","15.84","15.84","13.61","","-14.38%"
"07/02/2018","15.93","12.03","17.48","12.03","","16.19%"
"06/29/2018","13.71","14.72","14.72","12.27","","-7.74%"
"06/28/2018","14.86","13.98","16.18","12.93","","3.41%"
"06/27/2018","14.37","14.46","16.16","12.49","","-1.17%"
"06/26/2018","14.54","15.29","15.29","12.87","","-6.44%"
"06/25/2018","15.54","12.57","15.54","11.30","","25.02%"
"06/22/2018","12.43","13.99","13.99","11.20","","-9.60%"
"06/21/2018","13.75","13.26","14.18","9.89","","12.98%"
"06/20/2018","12.17","14.54","14.54","10.50","","-5.44%"
"06/19/2018","12.87","13.05","14.30","9.26","","-0.31%"
"06/18/2018","12.91","13.46","13.75","9.84","","8.40%"
"06/15/2018","11.91","9.94","11.91","9.94","","12.15%"
"06/14/2018","10.62","10.96","11.99","8.94","","-4.24%"
"06/13/2018","11.09","12.31","12.31","9.09","","-4.64%"
"06/12/2018","11.63","10.67","12.17","9.79","","-2.84%"
"06/11/2018","11.97","11.70","12.23","9.92","","5.56%"
"06/08/2018","11.34","11.34","13.45","8.31","","16.31%"
"06/07/2018","9.75","12.20","13.02","9.43","","-21.62%"
"06/06/2018","12.44","13.17","13.38","11.00","","-2.28%"
"06/05/2018","12.73","12.35","13.03","11.58","","1.84%"
"06/04/2018","12.50","12.88","12.94","10.35","","0.56%"
"06/01/2018","12.43","13.31","13.42","11.15","","-8.13%"
"05/31/2018","13.53","13.38","14.71","11.54","","-0.88%"
"05/30/2018","13.65","15.66","15.66","10.24","","-11.59%"
"05/29/2018","15.44","11.29","15.99","11.29","","36.76%"
"05/28/2018","11.29","11.29","11.29","11.29","","-11.17%"
"05/25/2018","12.71","13.47","14.49","11.44","","-6.13%"
"05/24/2018","13.54","12.66","14.03","11.30","","5.29%"
"05/23/2018","12.86","11.82","13.70","8.32","","7.62%"
"05/22/2018","11.95","12.89","12.89","11.37","","-5.08%"
"05/21/2018","12.59","12.50","12.88","10.91","","3.03%"
"05/18/2018","12.22","11.77","13.07","10.36","","4.89%"
"05/17/2018","11.65","11.69","11.75","10.09","","-0.85%"
"05/16/2018","11.75","10.89","12.10","9.83","","6.72%"
"05/15/2018","11.01","11.82","12.14","10.05","","-7.01%"
"05/14/2018","11.84","11.77","12.26","8.44","","2.16%"
"05/11/2018","11.59","11.83","12.42","10.96","","-7.21%"
"05/10/2018","12.49","11.07","12.87","9.88","","0.40%"
"05/09/2018","12.44","11.55","12.56","10.67","","9.31%"
"05/08/2018","11.38","11.36","12.20","9.95","","0.18%"
"05/07/2018","11.36","11.36","11.36","11.36","","2.53%"
"05/04/2018","11.08","11.93","11.97","10.38","","-10.36%"
"05/03/2018","12.36","11.48","13.22","10.59","","7.76%"
"05/02/2018","11.47","11.55","12.06","10.72","","-1.80%"
"04/30/2018","11.68","11.69","12.28","10.55","","0.00%"
"04/27/2018","11.68","11.88","12.45","9.91","","-1.60%"
"04/26/2018","11.87","13.21","13.21","11.47","","-9.11%"
"04/25/2018","13.06","11.58","13.93","10.44","","10.21%"
"04/24/2018","11.85","11.78","12.26","10.12","","10.13%"
"04/23/2018","10.76","12.36","12.59","10.76","","-6.19%"
"04/20/2018","11.47","11.13","12.25","10.36","","2.78%"
"04/19/2018","11.16","9.03","11.98","9.03","","4.20%"
"04/18/2018","10.71","11.76","11.76","10.40","","-3.08%"
"04/17/2018","11.05","12.99","12.99","10.07","","-15.65%"
"04/16/2018","13.10","12.97","13.69","11.10","","1.00%"
"04/13/2018","12.97","15.33","15.33","10.74","","-8.34%"
"04/12/2018","14.15","12.49","14.15","11.08","","-0.35%"
"04/11/2018","14.20","13.62","14.57","12.55","","4.11%"
"04/10/2018","13.64","13.78","14.73","12.79","","-3.60%"
"04/09/2018","14.15","14.38","15.34","11.91","","-2.14%"
"04/06/2018","14.46","14.15","15.26","11.90","","0.35%"
"04/05/2018","14.41","16.17","16.17","11.53","","-11.10%"
"04/04/2018","16.21","16.00","17.76","13.64","","1.31%"
"04/03/2018","16.00","13.75","17.34","13.63","","16.36%"
"03/29/2018","13.75","15.11","16.30","13.35","","-19.92%"
"03/28/2018","17.17","16.51","17.60","14.07","","2.02%"
"03/27/2018","16.83","17.42","17.42","13.48","","-8.23%"
"03/26/2018","18.34","15.60","18.34","15.09","","17.11%"
"03/23/2018","15.66","14.07","18.36","13.70","","11.30%"
"03/22/2018","14.07","14.25","17.72","13.29","","0.64%"
"03/21/2018","13.98","14.03","14.28","11.87","","3.56%"
"03/20/2018","13.50","15.12","15.12","11.22","","-8.41%"
"03/19/2018","14.74","11.71","15.20","10.65","","9.67%"
"03/16/2018","13.44","8.59","13.59","8.59","","56.46%"
"03/15/2018","8.59","14.13","14.35","8.59","","-38.51%"
"03/14/2018","13.97","13.33","13.97","10.01","","4.80%"
"03/13/2018","13.33","16.02","16.02","7.82","","2.78%"
"03/12/2018","12.97","23.71","23.71","9.18","","-6.15%"
"03/09/2018","13.82","12.85","15.14","10.14","","7.55%"
"03/08/2018","12.85","12.80","15.78","10.18","","0.78%"
"03/07/2018","12.75","13.62","14.57","11.60","","1.19%"
"03/06/2018","12.60","14.72","14.72","11.09","","-18.13%"
"03/05/2018","15.39","18.16","18.16","14.30","","-15.25%"
"03/02/2018","18.16","14.42","19.09","13.50","","25.94%"
"03/01/2018","14.42","13.99","16.30","13.07","","2.41%"
"02/28/2018","14.08","12.33","14.35","11.13","","14.19%"
"02/27/2018","12.33","12.97","13.25","11.35","","-4.93%"
"02/26/2018","12.97","13.31","14.01","11.91","","-2.85%"
"02/23/2018","13.35","15.29","15.29","13.35","","-12.17%"
"02/22/2018","15.20","14.71","16.38","12.59","","3.47%"
"02/21/2018","14.69","15.05","15.13","13.40","","-2.13%"
"02/20/2018","15.01","15.73","16.24","14.21","","1.62%"
"02/19/2018","14.77","12.42","14.97","11.97","","16.30%"
"02/16/2018","12.70","13.64","15.82","12.43","","-6.96%"
"02/15/2018","13.65","13.40","17.48","13.17","","1.64%"
"02/14/2018","13.43","21.43","21.43","13.43","","-21.65%"
"02/13/2018","17.14","18.54","23.71","17.14","","-7.60%"
"02/12/2018","18.55","17.45","22.64","16.38","","-22.12%"
"02/09/2018","23.82","18.50","25.88","16.98","","30.88%"
"02/08/2018","18.20","14.40","19.71","14.40","","26.39%"
"02/07/2018","14.40","20.05","29.61","11.44","","-28.18%"
"02/06/2018","20.05","12.81","21.71","12.81","","46.35%"
"02/05/2018","13.70","12.30","15.71","12.30","","-5.12%"
"02/02/2018","14.44","12.96","14.44","12.13","","11.16%"
"02/01/2018","12.99","12.75","14.04","10.73","","3.67%"
"01/31/2018","12.53","12.38","12.69","11.53","","11.58%"
"01/30/2018","11.23","11.27","13.37","11.17","","-0.53%"
"01/29/2018","11.29","10.11","11.41","9.94","","11.78%"
"01/26/2018","10.10","10.97","11.08","9.96","","-7.93%"
"01/25/2018","10.97","9.85","11.02","9.85","","11.48%"
"01/24/2018","9.84","9.13","10.71","8.81","","7.89%"
"01/23/2018","9.12","10.09","10.11","9.08","","-9.61%"
"01/22/2018","10.09","9.73","10.56","9.47","","3.70%"
"01/19/2018","9.73","9.91","10.42","9.38","","-1.72%"
"01/18/2018","9.90","9.92","10.33","8.94","","-0.20%"
"01/17/2018","9.92","9.41","9.92","9.30","","5.42%"
"01/16/2018","9.41","9.24","10.24","8.44","","1.95%"
"01/15/2018","9.23","8.66","9.28","8.22","","6.71%"
"01/12/2018","8.65","8.78","8.94","7.44","","-1.48%"
"01/11/2018","8.78","9.32","9.38","7.86","","-5.79%"
"01/10/2018","9.32","9.05","9.77","8.60","","2.98%"
"01/09/2018","9.05","9.39","9.39","8.59","","-3.62%"
"01/08/2018","9.39","8.90","9.52","8.65","","5.51%"
"01/05/2018","8.90","9.18","10.33","8.04","","-3.05%"
"01/04/2018","9.18","9.46","9.58","8.05","","-2.96%"
"01/03/2018","9.46","9.87","10.21","9.32","","-4.15%"
"01/02/2018","9.87","9.55","10.80","9.55","","3.35%"
"12/29/2017","9.55","9.84","10.63","9.06","","-2.95%"
"12/28/2017","9.84","9.62","9.93","9.18","","2.29%"
"12/27/2017","9.62","9.38","10.15","9.27","","2.56%"
"12/22/2017","9.38","9.12","9.51","8.38","","2.96%"
"12/21/2017","9.11","10.09","10.58","8.24","","-9.62%"
"12/20/2017","10.08","9.32","10.75","7.95","","8.15%"
"12/19/2017","9.32","8.81","9.37","7.30","","5.79%"
"12/18/2017","8.81","9.36","9.96","7.56","","-5.88%"
"12/15/2017","9.36","9.62","10.59","7.53","","-2.60%"
"12/14/2017","9.61","7.94","10.09","6.56","","21.03%"
"12/13/2017","7.94","10.25","11.12","7.15","","-22.46%"
"12/12/2017","10.24","10.65","57.27","7.35","","-3.85%"
"12/11/2017","10.65","10.39","11.25","8.24","","2.60%"
"12/08/2017","10.38","10.23","12.44","6.01","","1.47%"
"12/07/2017","10.23","10.71","11.75","8.04","","-4.48%"
"12/06/2017","10.71","10.80","11.76","9.71","","-0.83%"
"12/05/2017","10.80","11.01","11.42","9.29","","-1.91%"
"12/04/2017","11.01","12.22","12.22","9.23","","-9.90%"
"12/01/2017","12.22","10.84","13.10","9.46","","12.73%"
"11/30/2017","10.84","9.56","11.13","9.54","","13.39%"
"11/29/2017","9.56","9.46","10.50","8.05","","1.06%"
"11/28/2017","9.46","10.09","10.09","9.22","","-6.24%"
"11/27/2017","10.09","9.80","10.42","9.25","","2.96%"
"11/24/2017","9.80","9.94","10.07","9.65","","-1.41%"
"11/23/2017","9.94","9.86","10.34","9.51","","0.81%"
"11/22/2017","9.86","9.99","10.01","8.45","","-1.30%"
"11/21/2017","9.99","10.69","10.88","9.63","","-6.55%"
"11/20/2017","10.69","10.72","11.74","9.36","","-0.19%"
"11/17/2017","10.71","10.79","11.00","9.93","","-0.65%"
"11/16/2017","10.78","11.13","11.20","9.67","","-3.14%"
"11/15/2017","11.13","10.87","11.89","10.76","","2.39%"
"11/14/2017","10.87","10.84","11.00","9.72","","0.37%"
"11/13/2017","10.83","10.61","11.42","9.55","","2.07%"
"11/10/2017","10.61","10.60","11.60","9.70","","0.19%"
"11/09/2017","10.59","9.70","11.42","8.54","","9.29%"
"11/08/2017","9.69","9.59","9.76","8.66","","1.04%"
"11/07/2017","9.59","9.41","9.82","9.17","","2.02%"
"11/06/2017","9.40","9.32","9.72","7.03","","0.97%"
"11/03/2017","9.31","9.87","10.36","8.39","","-5.67%"
"11/02/2017","9.87","10.06","10.17","9.05","","-1.89%"
"11/01/2017","10.06","9.82","10.25","9.24","","2.44%"
"10/31/2017","9.82","10.36","10.44","9.57","","-5.21%"
"10/30/2017","10.36","10.26","10.45","9.66","","0.97%"
"10/27/2017","10.26","10.39","10.62","9.99","","-1.25%"
"10/26/2017","10.39","11.70","11.70","10.23","","-11.20%"
"10/25/2017","11.70","10.12","11.89","9.97","","15.61%"
"10/24/2017","10.12","9.88","10.31","9.48","","2.43%"
"10/23/2017","9.88","9.80","10.31","9.43","","0.82%"
"10/20/2017","9.80","9.50","9.97","7.18","","3.16%"
"10/19/2017","9.50","9.03","9.60","8.89","","5.20%"
"10/18/2017","9.03","9.03","9.03","9.03","","0.00%"
"10/17/2017","9.03","9.09","10.56","8.66","","-0.55%"
"10/16/2017","9.08","9.14","9.50","8.97","","-0.55%"
"10/13/2017","9.13","9.55","9.87","9.05","","-4.40%"
"10/12/2017","9.55","9.89","9.96","9.38","","-3.44%"
"10/11/2017","9.89","10.18","11.09","9.82","","-2.85%"
"10/10/2017","10.18","9.94","10.25","9.31","","2.41%"
"10/09/2017","9.94","9.98","10.33","9.38","","-0.40%"
"10/06/2017","9.98","9.81","10.15","9.27","","1.73%"
"10/05/2017","9.81","10.55","10.57","9.36","","-6.93%"
"10/04/2017","10.54","10.33","10.70","9.73","","2.13%"
"10/03/2017","10.32","10.44","10.49","9.70","","-1.15%"
"10/02/2017","10.44","10.43","10.82","9.86","","0.10%"
"09/29/2017","10.43","10.64","10.88","9.98","","-1.97%"
"09/28/2017","10.64","10.71","10.97","10.13","","-0.65%"
"09/27/2017","10.71","10.90","10.96","10.39","","-1.65%"
"09/26/2017","10.89","11.16","11.17","10.21","","-2.33%"
"09/25/2017","11.15","10.60","11.41","9.80","","5.19%"
"09/22/2017","10.60","10.51","11.06","10.10","","0.95%"
"09/21/2017","10.50","10.96","11.02","10.29","","-4.20%"
"09/20/2017","10.96","10.33","11.58","9.60","","6.20%"
"09/19/2017","10.32","10.33","10.82","9.53","","-0.10%"
"09/18/2017","10.33","10.98","11.33","10.29","","-5.92%"
"09/15/2017","10.98","10.91","13.01","9.04","","0.73%"
"09/14/2017","10.90","9.72","12.13","8.38","","12.14%"
"09/13/2017","9.72","9.09","10.89","7.05","","7.05%"
"09/12/2017","9.08","10.71","11.87","7.23","","-15.22%"
"09/11/2017","10.71","11.99","11.99","9.67","","-10.68%"
"09/08/2017","11.99","11.85","13.32","10.37","","1.18%"
"09/07/2017","11.85","12.89","15.90","10.30","","-8.00%"
"09/06/2017","12.88","13.00","13.72","11.77","","-0.92%"
"09/05/2017","13.00","12.64","13.21","11.03","","2.85%"
"09/04/2017","12.64","11.18","12.84","11.02","","13.06%"
"09/01/2017","11.18","11.64","11.64","9.95","","-3.95%"
"08/31/2017","11.64","11.81","11.92","10.48","","-1.44%"
"08/30/2017","11.81","12.48","12.48","10.19","","-5.37%"
"08/29/2017","12.48","10.89","13.51","10.48","","14.60%"
"08/28/2017","10.89","10.89","10.89","10.89","","0.00%"
"08/25/2017","10.89","10.79","10.99","9.82","","1.02%"
"08/24/2017","10.78","11.20","11.20","9.87","","-3.66%"
"08/23/2017","11.19","11.39","11.91","10.43","","-1.76%"
"08/22/2017","11.39","13.07","13.07","10.58","","-12.79%"
"08/21/2017","13.06","12.85","14.07","12.27","","1.63%"
"08/18/2017","12.85","11.03","13.94","11.03","","16.50%"
"08/17/2017","11.03","10.72","11.62","9.93","","2.89%"
"08/16/2017","10.72","11.07","12.70","6.98","","-3.16%"
"08/15/2017","11.07","11.77","16.29","10.31","","-5.95%"
"08/14/2017","11.77","13.93","13.93","11.40","","-15.51%"
"08/11/2017","13.93","13.60","18.55","13.23","","2.43%"
"08/10/2017","13.60","10.71","13.62","9.12","","26.98%"
"08/09/2017","10.71","9.13","11.17","9.13","","17.31%"
"08/08/2017","9.13","9.66","9.66","9.11","","-5.49%"
"08/07/2017","9.66","9.36","10.21","9.30","","3.21%"
"08/04/2017","9.36","9.94","10.15","9.03","","-5.84%"
"08/03/2017","9.94","10.09","10.90","9.51","","-1.49%"
"08/02/2017","10.09","10.33","10.79","9.98","","-2.32%"
"08/01/2017","10.33","10.82","10.82","9.79","","-4.53%"
"07/31/2017","10.82","10.30","10.92","9.38","","5.05%"
"07/28/2017","10.30","9.90","11.10","9.32","","4.04%"
"07/27/2017","9.90","9.65","10.06","8.77","","2.59%"
"07/26/2017","9.65","9.93","10.19","9.07","","-2.82%"
"07/25/2017","9.93","11.10","11.10","9.69","","-10.54%"
"07/24/2017","11.10","10.13","11.36","9.10","","9.58%"
"07/21/2017","10.13","9.66","10.94","8.96","","4.97%"
"07/20/2017","9.65","10.21","10.21","8.51","","-5.39%"
"07/19/2017","10.20","10.99","10.99","9.49","","-7.19%"
"07/18/2017","10.99","9.72","10.99","9.21","","13.18%"
"07/17/2017","9.71","9.65","10.09","8.19","","0.73%"
"07/14/2017","9.64","9.73","11.32","8.58","","-0.92%"
"07/13/2017","9.73","10.27","10.27","9.01","","-5.26%"
"07/12/2017","10.27","11.11","11.11","10.24","","-7.56%"
"07/11/2017","11.11","11.17","11.61","10.67","","-0.54%"
"07/10/2017","11.17","11.78","11.95","9.72","","-5.10%"
"07/07/2017","11.77","11.85","12.09","11.14","","-0.68%"
"07/06/2017","11.85","11.00","12.46","10.53","","7.73%"
"07/05/2017","11.00","10.85","11.57","10.10","","1.48%"
"07/04/2017","10.84","11.14","11.46","10.41","","-2.69%"
"07/03/2017","11.14","13.04","13.04","10.65","","-14.50%"
"06/30/2017","13.03","12.63","13.27","11.62","","3.25%"
"06/29/2017","12.62","11.22","12.85","10.46","","12.58%"
"06/28/2017","11.21","11.08","12.28","10.11","","1.17%"
"06/27/2017","11.08","10.51","11.43","10.16","","5.42%"
"06/26/2017","10.51","10.39","11.03","10.29","","1.25%"
"06/23/2017","10.38","11.19","11.83","10.37","","-7.24%"
"06/22/2017","11.19","10.85","12.32","10.00","","3.23%"
"06/21/2017","10.84","10.62","11.90","8.81","","2.07%"
"06/20/2017","10.62","9.19","10.62","8.56","","15.56%"
"06/19/2017","9.19","9.96","10.58","9.10","","-7.73%"
"06/16/2017","9.96","11.31","11.31","8.85","","-11.94%"
"06/15/2017","11.31","9.98","12.19","9.28","","13.33%"
"06/14/2017","9.98","9.93","10.44","9.50","","0.60%"
"06/13/2017","9.92","10.48","10.48","9.11","","-5.34%"
"06/12/2017","10.48","9.86","11.53","9.86","","6.40%"
"06/09/2017","9.85","11.05","11.05","7.68","","-10.86%"
"06/08/2017","11.05","11.80","11.80","9.95","","-6.28%"
"06/07/2017","11.79","11.96","12.09","11.36","","-1.34%"
"06/06/2017","11.95","11.60","12.10","11.44","","3.02%"
"06/05/2017","11.60","10.83","11.66","10.83","","7.21%"
"06/02/2017","10.82","11.29","12.07","10.68","","-4.16%"
"06/01/2017","11.29","11.67","11.67","10.97","","-3.26%"
"05/31/2017","11.67","11.02","11.67","10.54","","5.99%"
"05/30/2017","11.01","10.19","11.21","10.19","","8.05%"
"05/29/2017","10.19","10.19","10.19","10.19","","0.10%"
"05/26/2017","10.18","10.14","10.80","9.80","","0.39%"
"05/25/2017","10.14","10.31","10.51","9.82","","-1.65%"
"05/24/2017","10.31","10.63","10.63","10.18","","-3.01%"
"05/23/2017","10.63","10.71","11.94","9.49","","-0.75%"
"05/22/2017","10.71","11.47","11.55","10.71","","-6.63%"
"05/19/2017","11.47","13.03","13.03","11.07","","-11.97%"
"05/18/2017","13.03","11.78","14.48","10.46","","10.61%"
"05/17/2017","11.78","10.63","12.39","10.08","","10.92%"
"05/16/2017","10.62","10.47","10.90","9.99","","1.43%"
"05/15/2017","10.47","10.10","11.14","10.10","","3.66%"
"05/12/2017","10.10","10.10","10.71","9.57","","0.00%"
"05/11/2017","10.10","10.31","11.20","8.65","","-1.94%"
"05/10/2017","10.30","10.21","10.77","9.11","","0.88%"
"05/09/2017","10.21","10.74","10.74","9.69","","-4.85%"
"05/08/2017","10.73","10.49","11.03","6.97","","2.29%"
"05/05/2017","10.49","10.68","11.38","9.43","","-1.78%"
"05/04/2017","10.68","11.85","11.85","9.76","","-9.87%"
"05/03/2017","11.85","11.62","12.04","10.44","","1.98%"
"05/02/2017","11.62","11.17","11.80","10.35","","4.03%"
"04/28/2017","11.17","11.08","11.40","9.94","","0.81%"
"04/27/2017","11.08","10.70","11.13","9.81","","3.55%"
"04/26/2017","10.70","10.56","10.70","9.43","","1.42%"
"04/25/2017","10.55","11.36","11.36","10.01","","-7.13%"
"04/24/2017","11.36","15.99","15.99","8.55","","-28.96%"
"04/21/2017","15.99","15.76","16.36","14.76","","1.52%"
"04/20/2017","15.75","15.74","16.12","14.32","","0.06%"
"04/19/2017","15.74","16.29","16.60","14.61","","-3.38%"
"04/18/2017","16.29","14.77","16.76","11.32","","10.37%"
"04/13/2017","14.76","13.93","16.14","13.36","","5.96%"
"04/12/2017","13.93","13.85","14.08","12.79","","0.65%"
"04/11/2017","13.84","13.50","15.01","12.08","","2.52%"
"04/10/2017","13.50","12.62","14.23","12.62","","6.97%"
"04/07/2017","12.62","12.64","13.21","11.88","","-0.16%"
"04/06/2017","12.64","12.31","13.20","11.36","","2.76%"
"04/05/2017","12.30","11.94","12.33","10.46","","3.02%"
"04/04/2017","11.94","11.72","12.64","10.86","","1.96%"
"04/03/2017","11.71","11.82","12.42","10.73","","-0.85%"
"03/31/2017","11.81","11.11","11.90","10.34","","6.40%"
"03/30/2017","11.10","11.51","11.86","10.08","","-3.56%"
"03/29/2017","11.51","11.89","12.42","11.06","","-3.11%"
"03/28/2017","11.88","12.98","13.01","11.58","","-8.47%"
"03/27/2017","12.98","11.66","13.87","11.66","","11.42%"
"03/24/2017","11.65","11.70","12.39","10.71","","-0.43%"
"03/23/2017","11.70","11.36","11.79","10.93","","3.08%"
"03/22/2017","11.35","10.22","12.13","9.22","","11.06%"
"03/21/2017","10.22","9.36","10.71","8.65","","9.30%"
"03/20/2017","9.35","8.38","10.00","8.38","","11.71%"
"03/17/2017","8.37","8.22","9.96","7.73","","1.95%"
"03/16/2017","8.21","8.44","9.57","7.62","","-2.61%"
"03/15/2017","8.43","9.34","9.79","8.40","","-9.65%"
"03/14/2017","9.33","6.21","11.37","6.21","","50.24%"
"03/13/2017","6.21","6.21","6.21","6.21","","0.32%"
"03/10/2017","6.19","6.45","7.64","5.56","","-3.88%"
"03/09/2017","6.44","10.11","10.11","4.88","","-36.30%"
"03/08/2017","10.11","9.96","10.55","9.61","","1.51%"
"03/07/2017","9.96","10.33","10.33","9.71","","-3.58%"
"03/06/2017","10.33","10.59","10.88","10.06","","-2.36%"
"03/03/2017","10.58","11.06","11.27","9.55","","-4.34%"
"03/02/2017","11.06","10.93","11.13","9.71","","1.19%"
"03/01/2017","10.93","11.12","11.61","9.78","","-1.62%"
"02/28/2017","11.11","11.31","11.52","11.05","","-1.77%"
"02/27/2017","11.31","10.82","12.09","10.82","","4.53%"
"02/24/2017","10.82","11.20","12.30","10.44","","-3.39%"
"02/23/2017","11.20","10.17","11.30","9.35","","10.13%"
"02/22/2017","10.17","10.56","11.07","9.99","","-3.69%"
"02/21/2017","10.56","10.42","11.20","10.32","","1.44%"
"02/20/2017","10.41","10.55","10.79","9.71","","-1.33%"
"02/17/2017","10.55","11.34","11.47","10.36","","-6.97%"
"02/16/2017","11.34","10.70","11.51","10.23","","5.98%"
"02/15/2017","10.70","10.94","10.96","9.94","","-2.19%"
"02/14/2017","10.94","10.56","11.39","10.30","","3.70%"
"02/13/2017","10.55","10.77","11.34","10.25","","-2.04%"
"02/10/2017","10.77","11.38","11.38","10.16","","-5.36%"
"02/09/2017","11.38","11.94","11.98","11.07","","-4.69%"
"02/08/2017","11.94","12.07","12.61","11.51","","-1.08%"
"02/07/2017","12.07","11.47","12.14","11.05","","5.32%"
"02/06/2017","11.46","11.32","11.89","11.21","","1.24%"
"02/03/2017","11.32","12.02","12.10","11.15","","-5.82%"
"02/02/2017","12.02","12.80","14.08","11.89","","-6.02%"
"02/01/2017","12.79","12.96","12.96","12.10","","-1.24%"
"01/31/2017","12.95","13.05","13.09","12.15","","-0.69%"
"01/30/2017","13.04","11.16","13.12","11.16","","16.85%"
"01/27/2017","11.16","11.43","11.48","10.80","","-2.28%"
"01/26/2017","11.42","11.87","11.87","10.97","","-3.79%"
"01/25/2017","11.87","12.65","12.65","11.77","","-6.17%"
"01/24/2017","12.65","12.93","13.17","12.34","","-2.09%"
"01/23/2017","12.92","11.13","13.19","11.13","","16.19%"
"01/20/2017","11.12","11.39","11.78","10.70","","-2.28%"
"01/19/2017","11.38","11.54","12.15","11.10","","-1.30%"
"01/18/2017","11.53","12.39","12.50","11.51","","-6.94%"
"01/17/2017","12.39","11.71","12.79","11.55","","5.90%"
"01/16/2017","11.70","11.21","12.69","11.21","","4.37%"
"01/13/2017","11.21","11.20","12.04","10.15","","0.18%"
"01/12/2017","11.19","12.27","12.27","9.25","","-8.80%"
"01/11/2017","12.27","11.44","12.29","9.41","","7.35%"
"01/10/2017","11.43","11.46","11.72","11.12","","-0.26%"
"01/09/2017","11.46","11.32","12.12","11.32","","1.33%"
"01/06/2017","11.31","11.99","12.08","11.30","","-5.59%"
"01/05/2017","11.98","12.28","12.36","11.91","","-2.44%"
"01/04/2017","12.28","13.25","13.40","12.27","","-7.32%"
"01/03/2017","13.25","11.57","13.98","11.29","","14.52%"
"01/02/2017","11.57","11.57","11.57","11.57","","0.09%"
"12/30/2016","11.56","13.61","13.83","11.04","","-15.06%"
"12/29/2016","13.61","12.89","13.80","12.73","","5.67%"
"12/28/2016","12.88","11.63","13.03","11.58","","10.75%"
"12/27/2016","11.63","11.63","11.63","11.63","","0.00%"
"12/23/2016","11.63","11.40","11.71","11.24","","2.11%"
"12/22/2016","11.39","11.43","11.94","10.99","","-0.26%"
"12/21/2016","11.42","11.51","12.05","11.37","","-0.78%"
"12/20/2016","11.51","11.37","11.67","11.11","","1.32%"
"12/19/2016","11.36","11.32","11.81","9.56","","0.44%"
"12/16/2016","11.31","11.14","11.44","10.24","","1.62%"
"12/15/2016","11.13","11.24","11.49","9.93","","-0.98%"
"12/14/2016","11.24","11.55","12.17","10.94","","-2.60%"
"12/13/2016","11.54","12.05","12.34","11.21","","-4.15%"
"12/12/2016","12.04","10.96","12.15","10.82","","9.95%"
"12/09/2016","10.95","10.65","11.62","10.40","","2.91%"
"12/08/2016","10.64","12.29","14.67","10.54","","-13.36%"
"12/07/2016","12.28","12.56","12.56","12.05","","-2.23%"
"12/06/2016","12.56","13.53","13.82","12.48","","-7.17%"
"12/05/2016","13.53","15.55","15.55","12.16","","-12.99%"
"12/02/2016","15.55","16.37","17.34","15.39","","-5.01%"
"12/01/2016","16.37","15.95","17.91","15.66","","2.63%"
"11/30/2016","15.95","16.12","17.07","15.36","","-1.05%"
"11/29/2016","16.12","16.51","17.40","16.11","","-2.36%"
"11/28/2016","16.51","15.30","16.67","15.30","","7.98%"
"11/25/2016","15.29","14.74","15.52","14.53","","3.80%"
"11/24/2016","14.73","15.11","15.17","14.67","","-2.51%"
"11/23/2016","15.11","14.62","15.42","14.13","","3.35%"
"11/22/2016","14.62","14.76","14.76","14.07","","-0.88%"
"11/21/2016","14.75","14.71","15.44","14.40","","0.34%"
"11/18/2016","14.70","14.91","15.25","14.38","","-1.34%"
"11/17/2016","14.90","15.70","15.70","14.79","","-5.10%"
"11/16/2016","15.70","15.73","16.47","15.36","","-0.19%"
"11/15/2016","15.73","16.74","16.74","15.73","","-5.98%"
"11/14/2016","16.73","16.69","17.62","15.82","","0.24%"
"11/11/2016","16.69","16.16","17.70","14.98","","3.28%"
"11/10/2016","16.16","16.10","16.95","13.78","","0.44%"
"11/09/2016","16.09","18.74","18.74","15.70","","-14.14%"
"11/08/2016","18.74","19.59","19.59","18.54","","-4.34%"
"11/07/2016","19.59","20.33","20.33","17.05","","-3.64%"
"11/04/2016","20.33","18.77","20.65","18.77","","8.37%"
"11/03/2016","18.76","18.30","18.79","17.54","","2.57%"
"11/02/2016","18.29","17.61","18.72","17.58","","3.92%"
"11/01/2016","17.60","16.03","17.70","15.53","","9.79%"
"10/31/2016","16.03","14.61","17.05","14.61","","9.79%"
"10/28/2016","14.60","14.46","15.48","14.46","","0.97%"
"10/27/2016","14.46","14.09","15.05","13.98","","2.70%"
"10/26/2016","14.08","13.70","14.95","13.70","","2.77%"
"10/25/2016","13.70","13.17","13.89","12.73","","4.02%"
"10/24/2016","13.17","13.05","13.75","13.05","","0.92%"
"10/21/2016","13.05","13.38","13.38","12.73","","-2.47%"
"10/20/2016","13.38","13.44","14.00","12.95","","-0.37%"
"10/19/2016","13.43","15.02","15.04","13.43","","-10.59%"
"10/18/2016","15.02","15.68","18.88","14.38","","-4.15%"
"10/17/2016","15.67","14.73","16.05","14.73","","6.38%"
"10/14/2016","14.73","16.05","16.05","14.20","","-8.17%"
"10/13/2016","16.04","15.85","17.10","15.85","","1.26%"
"10/12/2016","15.84","15.17","15.99","14.96","","4.42%"
"10/11/2016","15.17","15.12","15.29","14.36","","0.33%"
"10/10/2016","15.12","15.29","16.05","12.05","","-1.05%"
"10/07/2016","15.28","14.93","15.89","13.87","","2.34%"
"10/06/2016","14.93","14.86","15.02","14.47","","0.47%"
"10/05/2016","14.86","14.47","15.42","10.96","","2.70%"
"10/04/2016","14.47","14.99","15.38","14.05","","-3.47%"
"10/03/2016","14.99","14.21","15.24","14.21","","5.56%"
"09/30/2016","14.20","14.10","16.96","14.10","","0.78%"
"09/29/2016","14.09","14.30","14.35","13.07","","-1.40%"
"09/28/2016","14.29","15.09","15.09","14.03","","-5.30%"
"09/27/2016","15.09","14.91","15.89","13.58","","1.21%"
"09/26/2016","14.91","12.37","15.19","12.37","","20.53%"
"09/23/2016","12.37","12.45","12.76","12.18","","-0.64%"
"09/22/2016","12.45","14.02","14.02","11.05","","-11.20%"
"09/21/2016","14.02","14.15","14.17","12.21","","-0.92%"
"09/20/2016","14.15","13.73","14.17","13.44","","3.06%"
"09/19/2016","13.73","14.92","14.92","12.05","","-7.91%"
"09/16/2016","14.91","15.00","15.56","14.29","","-0.60%"
"09/15/2016","15.00","16.41","18.27","14.96","","-8.54%"
"09/14/2016","16.40","17.09","17.13","15.66","","-3.98%"
"09/13/2016","17.08","16.12","17.08","15.05","","5.96%"
"09/12/2016","16.12","12.86","17.63","12.86","","25.45%"
"09/09/2016","12.85","10.65","14.05","10.10","","20.77%"
"09/08/2016","10.64","12.86","15.92","10.19","","-17.26%"
"09/07/2016","12.86","13.51","16.28","12.81","","-4.81%"
"09/06/2016","13.51","12.79","13.51","10.62","","5.63%"
"09/05/2016","12.79","12.08","13.15","12.08","","5.97%"
"09/02/2016","12.07","14.15","14.15","11.81","","-14.64%"
"09/01/2016","14.14","13.37","14.49","12.62","","5.84%"
"08/31/2016","13.36","13.33","13.74","13.01","","0.23%"
"08/30/2016","13.33","12.84","13.58","12.22","","3.82%"
"08/29/2016","12.84","12.84","12.84","12.84","","0.08%"
"08/26/2016","12.83","13.68","13.98","12.77","","-6.21%"
"08/25/2016","13.68","13.06","13.95","11.06","","4.75%"
"08/24/2016","13.06","12.87","13.46","12.77","","1.48%"
"08/23/2016","12.87","14.07","14.07","11.25","","-8.46%"
"08/22/2016","14.06","13.18","14.47","12.57","","6.76%"
"08/19/2016","13.17","12.01","13.24","11.67","","9.66%"
"08/18/2016","12.01","13.50","13.50","11.76","","-11.04%"
"08/17/2016","13.50","13.22","14.05","12.51","","2.12%"
"08/16/2016","13.22","12.82","13.71","12.36","","3.20%"
"08/15/2016","12.81","12.39","13.05","12.11","","3.39%"
"08/12/2016","12.39","12.45","12.73","11.29","","-0.48%"
"08/11/2016","12.45","13.28","13.46","11.27","","-6.25%"
"08/10/2016","13.28","12.49","13.31","12.24","","6.33%"
"08/09/2016","12.49","12.26","12.68","11.77","","1.96%"
"08/08/2016","12.25","12.76","12.76","12.25","","-4.00%"
"08/05/2016","12.76","13.36","13.44","11.46","","-4.49%"
"08/04/2016","13.36","15.22","17.01","11.91","","-12.16%"
"08/03/2016","15.21","14.87","15.56","13.83","","2.36%"
"08/02/2016","14.86","12.89","15.27","12.57","","15.28%"
"08/01/2016","12.89","12.94","13.52","10.84","","-0.39%"
"07/29/2016","12.94","13.82","14.11","11.87","","-6.30%"
"07/28/2016","13.81","13.14","14.03","12.15","","5.10%"
"07/27/2016","13.14","13.45","13.45","12.39","","-2.30%"
"07/26/2016","13.45","12.93","14.01","12.83","","4.02%"
"07/25/2016","12.93","13.25","13.76","12.77","","-2.42%"
"07/22/2016","13.25","13.16","13.56","12.58","","0.76%"
"07/21/2016","13.15","13.31","13.84","12.36","","-1.20%"
"07/20/2016","13.31","13.76","13.76","12.32","","-3.27%"
"07/19/2016","13.76","12.43","15.41","12.43","","10.79%"
"07/18/2016","12.42","15.67","15.67","12.42","","-20.74%"
"07/15/2016","15.67","14.36","15.97","13.98","","9.12%"
"07/14/2016","14.36","16.69","16.69","12.92","","-13.96%"
"07/13/2016","16.69","15.30","16.85","14.00","","9.16%"
"07/12/2016","15.29","17.23","17.23","13.56","","-11.26%"
"07/11/2016","17.23","18.04","18.04","15.05","","-4.49%"
"07/08/2016","18.04","18.22","23.78","16.96","","-0.99%"
"07/07/2016","18.22","20.83","23.61","17.61","","-12.53%"
"07/06/2016","20.83","18.95","21.97","18.66","","9.98%"
"07/05/2016","18.94","20.85","22.09","18.50","","-9.16%"
"07/04/2016","20.85","18.85","21.10","18.69","","10.61%"
"07/01/2016","18.85","19.89","20.60","18.51","","-5.23%"
"06/30/2016","19.89","22.29","23.23","18.47","","-10.77%"
"06/29/2016","22.29","24.34","24.34","20.85","","-8.42%"
"06/28/2016","24.34","28.60","28.60","21.77","","-14.87%"
"06/27/2016","28.59","24.36","28.96","22.42","","17.41%"
"06/24/2016","24.35","25.78","55.93","14.76","","-5.55%"
"06/23/2016","25.78","29.71","29.71","20.62","","-13.23%"
"06/22/2016","29.71","27.90","30.86","27.09","","6.49%"
"06/21/2016","27.90","27.44","28.44","26.05","","1.68%"
"06/20/2016","27.44","30.38","30.38","24.18","","-9.68%"
"06/17/2016","30.38","32.48","32.48","29.72","","-6.47%"
"06/16/2016","32.48","29.41","36.92","27.45","","10.44%"
"06/15/2016","29.41","29.65","29.74","24.27","","-0.81%"
"06/14/2016","29.65","26.49","29.66","23.60","","11.97%"
"06/13/2016","26.48","24.86","27.79","24.86","","6.56%"
"06/10/2016","24.85","21.80","25.55","21.80","","14.04%"
"06/09/2016","21.79","19.09","22.14","19.09","","14.14%"
"06/08/2016","19.09","19.19","19.74","13.79","","-0.52%"
"06/07/2016","19.19","18.75","19.27","17.66","","2.40%"
"06/06/2016","18.74","18.64","19.23","17.93","","0.59%"
"06/03/2016","18.63","18.69","19.48","17.40","","-0.27%"
"06/02/2016","18.68","19.05","19.05","17.95","","-1.89%"
"06/01/2016","19.04","17.42","19.56","17.42","","9.36%"
"05/31/2016","17.41","15.80","17.92","15.80","","10.19%"
"05/30/2016","15.80","15.80","15.80","15.80","","0.00%"
"05/27/2016","15.80","16.68","16.68","15.49","","-5.28%"
"05/26/2016","16.68","16.64","17.38","14.89","","0.30%"
"05/25/2016","16.63","16.95","18.01","15.03","","-1.89%"
"05/24/2016","16.95","17.95","18.80","16.57","","-5.57%"
"05/23/2016","17.95","17.41","19.02","15.24","","3.16%"
"05/20/2016","17.40","18.57","18.62","17.00","","-6.25%"
"05/19/2016","18.56","16.66","18.70","16.66","","11.47%"
"05/18/2016","16.65","17.50","18.50","16.44","","-4.80%"
"05/17/2016","17.49","16.58","17.69","16.36","","5.55%"
"05/16/2016","16.57","15.75","18.16","15.75","","5.27%"
"05/13/2016","15.74","15.64","19.45","15.48","","0.70%"
"05/12/2016","15.63","17.16","18.76","14.14","","-8.86%"
"05/11/2016","17.15","17.78","18.07","16.92","","-3.54%"
"05/10/2016","17.78","18.74","18.74","17.40","","-5.07%"
"05/09/2016","18.73","18.59","18.97","17.96","","0.75%"
"05/06/2016","18.59","19.12","19.66","16.06","","-2.77%"
"05/05/2016","19.12","19.95","19.95","18.35","","-4.11%"
"05/04/2016","19.94","18.64","20.15","18.46","","6.97%"
"05/03/2016","18.64","16.75","19.24","15.93","","11.28%"
"05/02/2016","16.75","16.75","16.75","16.75","","0.06%"
"04/29/2016","16.74","14.83","16.76","14.83","","12.96%"
"04/28/2016","14.82","15.31","16.87","14.80","","-3.14%"
"04/27/2016","15.30","15.11","15.75","14.90","","1.32%"
"04/26/2016","15.10","16.70","16.70","13.60","","-9.53%"
"04/25/2016","16.69","15.51","16.84","15.29","","7.68%"
"04/22/2016","15.50","13.88","15.65","13.88","","11.75%"
"04/21/2016","13.87","13.90","15.09","13.23","","-0.22%"
"04/20/2016","13.90","14.11","15.01","13.84","","-1.42%"
"04/19/2016","14.10","15.13","15.13","14.07","","-6.75%"
"04/18/2016","15.12","14.88","16.88","14.88","","1.68%"
"04/15/2016","14.87","14.39","15.29","13.38","","3.41%"
"04/14/2016","14.38","14.57","15.04","14.10","","-1.24%"
"04/13/2016","14.56","15.93","15.93","13.09","","-8.54%"
"04/12/2016","15.92","16.27","17.05","15.49","","-2.15%"
"04/11/2016","16.27","15.85","17.49","15.66","","2.71%"
"04/08/2016","15.84","16.93","16.93","15.05","","-6.38%"
"04/07/2016","16.92","16.98","17.02","14.10","","-0.29%"
"04/06/2016","16.97","18.80","18.80","16.97","","-9.73%"
"04/05/2016","18.80","16.72","19.01","14.86","","12.51%"
"04/04/2016","16.71","16.87","17.79","14.52","","-0.89%"
"04/01/2016","16.86","16.50","19.02","15.37","","2.18%"
"03/31/2016","16.50","16.24","17.18","13.67","","1.66%"
"03/30/2016","16.23","19.12","19.12","15.78","","-15.07%"
"03/29/2016","19.11","18.16","19.61","13.33","","5.29%"
"03/24/2016","18.15","16.11","18.67","16.11","","12.73%"
"03/23/2016","16.10","16.04","16.75","14.96","","0.44%"
"03/22/2016","16.03","15.48","18.17","15.48","","3.55%"
"03/21/2016","15.48","13.99","15.78","13.67","","10.73%"
"03/18/2016","13.98","14.80","14.92","13.21","","-5.48%"
"03/17/2016","14.79","15.97","17.01","14.30","","-7.33%"
"03/16/2016","15.96","16.71","17.03","15.92","","-4.49%"
"03/15/2016","16.71","16.81","17.63","16.59","","-0.59%"
"03/14/2016","16.81","17.72","18.14","14.45","","-5.08%"
"03/11/2016","17.71","20.71","20.81","17.71","","-14.49%"
"03/10/2016","20.71","19.81","20.80","16.89","","4.54%"
"03/09/2016","19.81","20.11","20.60","19.47","","-1.44%"
"03/08/2016","20.10","18.46","20.78","18.46","","8.88%"
"03/07/2016","18.46","17.28","19.05","16.48","","6.89%"
"03/04/2016","17.27","19.11","19.11","17.00","","-9.63%"
"03/03/2016","19.11","19.73","19.90","16.80","","-3.14%"
"03/02/2016","19.73","20.85","20.90","18.43","","-5.37%"
"03/01/2016","20.85","22.07","22.23","20.72","","-5.49%"
"02/29/2016","22.06","21.52","23.45","21.39","","2.56%"
"02/26/2016","21.51","23.40","23.40","21.32","","-8.08%"
"02/25/2016","23.40","25.91","25.91","23.34","","-9.69%"
"02/24/2016","25.91","24.00","26.40","23.91","","8.00%"
"02/23/2016","23.99","23.10","24.25","23.04","","3.85%"
"02/22/2016","23.10","25.30","25.30","21.02","","-8.66%"
"02/19/2016","25.29","24.74","25.72","23.67","","2.26%"
"02/18/2016","24.73","24.02","25.19","20.78","","2.96%"
"02/17/2016","24.02","26.99","26.99","24.02","","-11.00%"
"02/16/2016","26.99","27.82","27.82","26.55","","-2.98%"
"02/15/2016","27.82","30.00","30.00","23.13","","-7.24%"
"02/12/2016","29.99","31.75","31.75","29.66","","-5.54%"
"02/11/2016","31.75","28.27","34.39","26.54","","12.31%"
"02/10/2016","28.27","29.14","29.77","27.22","","-2.95%"
"02/09/2016","29.13","28.84","30.73","26.66","","1.01%"
"02/08/2016","28.84","25.18","29.55","24.87","","14.54%"
"02/05/2016","25.18","24.62","25.83","23.61","","2.27%"
"02/04/2016","24.62","25.13","26.20","20.37","","-1.99%"
"02/03/2016","25.12","24.30","26.39","22.18","","3.42%"
"02/02/2016","24.29","22.13","25.34","22.13","","9.81%"
"02/01/2016","22.12","21.87","23.64","21.33","","1.14%"
"01/29/2016","21.87","24.36","24.36","21.51","","-10.18%"
"01/28/2016","24.35","22.89","25.36","22.43","","6.42%"
"01/27/2016","22.88","23.87","24.77","20.59","","-4.11%"
"01/26/2016","23.86","23.78","26.44","23.49","","0.38%"
"01/25/2016","23.77","23.54","24.81","23.47","","0.98%"
"01/22/2016","23.54","26.18","26.18","19.73","","-10.05%"
"01/21/2016","26.17","29.03","29.03","25.93","","-9.82%"
"01/20/2016","29.02","24.39","29.88","24.39","","19.03%"
"01/19/2016","24.38","27.07","27.07","23.19","","-9.90%"
"01/18/2016","27.06","28.71","28.71","26.27","","-5.75%"
"01/15/2016","28.71","23.77","29.55","23.45","","20.78%"
"01/14/2016","23.77","22.89","25.98","22.89","","3.84%"
"01/13/2016","22.89","24.26","24.26","19.59","","-5.61%"
"01/12/2016","24.25","26.48","26.58","23.53","","-8.39%"
"01/11/2016","26.47","27.05","28.15","25.57","","-2.11%"
"01/08/2016","27.04","24.88","27.05","22.98","","8.73%"
"01/07/2016","24.87","21.82","26.99","21.82","","14.03%"
"01/06/2016","21.81","21.50","23.51","20.69","","1.44%"
"01/05/2016","21.50","22.42","22.63","20.30","","-4.06%"
"01/04/2016","22.41","17.46","22.63","17.46","","28.42%"
"12/31/2015","17.45","16.93","17.65","16.37","","3.13%"
"12/30/2015","16.92","16.19","17.29","15.53","","4.57%"
"12/29/2015","16.18","15.71","16.74","15.71","","2.99%"
"12/28/2015","15.71","15.71","15.71","15.71","","0.06%"
"12/24/2015","15.70","15.89","15.99","14.72","","-1.20%"
"12/23/2015","15.89","17.86","17.86","13.99","","-10.98%"
"12/22/2015","17.85","19.60","19.95","17.83","","-8.88%"
"12/21/2015","19.59","19.50","20.19","18.41","","0.51%"
"12/18/2015","19.49","18.57","19.91","18.15","","5.01%"
"12/17/2015","18.56","19.70","19.70","11.69","","-5.74%"
"12/16/2015","19.69","20.89","21.03","19.12","","-5.74%"
"12/15/2015","20.89","23.90","23.90","20.66","","-12.59%"
"12/14/2015","23.90","20.79","24.35","20.29","","14.96%"
"12/11/2015","20.79","16.86","21.94","16.68","","23.38%"
"12/10/2015","16.85","16.56","17.60","16.53","","1.75%"
"12/09/2015","16.56","17.04","17.75","16.42","","-2.82%"
"12/08/2015","17.04","15.81","17.82","15.60","","7.85%"
"12/07/2015","15.80","15.89","16.08","15.12","","-0.50%"
"12/04/2015","15.88","15.90","17.10","12.94","","-0.06%"
"12/03/2015","15.89","15.47","16.21","13.89","","2.71%"
"12/02/2015","15.47","16.36","16.36","15.34","","-5.38%"
"12/01/2015","16.35","16.95","17.04","15.94","","-3.54%"
"11/30/2015","16.95","16.09","17.26","15.00","","5.34%"
"11/27/2015","16.09","15.78","16.74","15.78","","1.96%"
"11/26/2015","15.78","16.25","16.25","15.63","","-2.89%"
"11/25/2015","16.25","17.42","17.42","15.05","","-6.72%"
"11/24/2015","17.42","16.49","18.36","15.09","","5.70%"
"11/23/2015","16.48","16.06","17.41","16.06","","2.62%"
"11/20/2015","16.06","16.80","17.18","15.44","","-4.40%"
"11/19/2015","16.80","18.12","18.12","16.44","","-7.28%"
"11/18/2015","18.12","17.77","18.57","17.77","","2.03%"
"11/17/2015","17.76","19.53","19.53","17.03","","-9.06%"
"11/16/2015","19.53","19.56","20.50","19.19","","-0.15%"
"11/13/2015","19.56","16.71","19.64","16.71","","17.06%"
"11/12/2015","16.71","15.53","17.30","15.20","","7.60%"
"11/11/2015","15.53","16.13","16.13","15.23","","-3.72%"
"11/10/2015","16.13","15.51","16.47","14.37","","4.06%"
"11/09/2015","15.50","14.68","15.54","14.65","","5.59%"
"11/06/2015","14.68","15.24","15.57","14.60","","-3.61%"
"11/05/2015","15.23","14.77","15.53","14.59","","3.11%"
"11/04/2015","14.77","14.37","14.78","13.56","","2.86%"
"11/03/2015","14.36","14.82","14.96","14.33","","-3.04%"
"11/02/2015","14.81","14.94","16.14","14.78","","-0.80%"
"10/30/2015","14.93","15.09","15.34","14.40","","-0.99%"
"10/29/2015","15.08","14.57","15.54","14.41","","3.50%"
"10/28/2015","14.57","15.29","15.37","14.41","","-4.71%"
"10/27/2015","15.29","15.02","15.53","15.02","","1.87%"
"10/26/2015","15.01","14.28","15.38","8.44","","5.19%"
"10/23/2015","14.27","14.94","14.94","13.71","","-4.48%"
"10/22/2015","14.94","15.99","16.39","14.90","","-6.57%"
"10/21/2015","15.99","15.59","16.38","15.16","","2.57%"
"10/20/2015","15.59","16.48","16.48","15.53","","-5.34%"
"10/19/2015","16.47","15.94","17.15","15.57","","3.39%"
"10/16/2015","15.93","16.54","16.54","15.05","","-3.69%"
"10/15/2015","16.54","18.22","18.22","16.38","","-9.22%"
"10/14/2015","18.22","17.12","18.63","16.62","","6.49%"
"10/13/2015","17.11","16.61","18.11","16.25","","3.07%"
"10/12/2015","16.60","16.15","17.56","16.15","","2.79%"
"10/09/2015","16.15","16.93","17.65","15.39","","-4.55%"
"10/08/2015","16.92","19.72","19.72","16.90","","-14.16%"
"10/07/2015","19.71","19.40","19.71","18.10","","1.65%"
"10/06/2015","19.39","21.81","22.55","19.39","","-11.06%"
"10/05/2015","21.80","23.74","23.74","21.61","","-8.13%"
"10/02/2015","23.73","24.91","25.68","21.60","","-4.70%"
"10/01/2015","24.90","24.14","25.45","10.62","","3.15%"
"09/30/2015","24.14","27.13","27.13","23.83","","-11.02%"
"09/29/2015","27.13","27.07","29.10","26.25","","0.22%"
"09/28/2015","27.07","23.72","27.31","23.72","","14.17%"
"09/25/2015","23.71","26.03","26.03","22.46","","-8.91%"
"09/24/2015","26.03","24.16","26.82","23.56","","7.74%"
"09/23/2015","24.16","25.44","25.57","22.82","","-4.99%"
"09/22/2015","25.43","20.49","25.58","19.78","","24.17%"
"09/21/2015","20.48","21.35","22.64","20.44","","-4.03%"
"09/18/2015","21.34","21.41","23.40","19.65","","-0.33%"
"09/17/2015","21.41","20.34","22.38","19.95","","5.31%"
"09/16/2015","20.33","23.73","23.73","20.33","","-14.33%"
"09/15/2015","23.73","25.48","26.83","22.91","","-6.87%"
"09/14/2015","25.48","26.77","27.20","24.91","","-4.78%"
"09/11/2015","26.76","27.50","28.71","26.53","","-2.69%"
"09/10/2015","27.50","24.62","30.07","24.14","","11.70%"
"09/09/2015","24.62","26.51","26.51","16.80","","-7.13%"
"09/08/2015","26.51","29.25","29.25","25.81","","-9.37%"
"09/07/2015","29.25","30.19","30.64","25.85","","-3.08%"
"09/04/2015","30.18","25.08","30.90","25.08","","20.38%"
"09/03/2015","25.07","29.96","29.96","24.80","","-16.32%"
"09/02/2015","29.96","29.27","30.48","27.84","","2.39%"
"09/01/2015","29.26","24.26","30.07","21.93","","20.61%"
"08/31/2015","24.26","24.26","24.26","24.26","","0.04%"
"08/28/2015","24.25","22.86","25.37","21.77","","6.13%"
"08/27/2015","22.85","26.75","26.75","22.55","","-14.58%"
"08/26/2015","26.75","24.35","28.95","24.35","","9.90%"
"08/25/2015","24.34","31.60","31.60","24.02","","-22.97%"
"08/24/2015","31.60","20.55","36.93","20.55","","53.77%"
"08/21/2015","20.55","17.17","21.75","15.64","","19.76%"
"08/20/2015","17.16","16.71","18.06","16.24","","2.69%"
"08/19/2015","16.71","15.20","16.76","15.20","","10.01%"
"08/18/2015","15.19","15.26","15.63","14.57","","-0.46%"
"08/17/2015","15.26","15.33","16.17","14.90","","-0.39%"
"08/14/2015","15.32","17.11","17.11","14.60","","-10.46%"
"08/13/2015","17.11","16.04","17.11","12.55","","6.74%"
"08/12/2015","16.03","13.78","16.77","13.78","","16.33%"
"08/11/2015","13.78","12.58","13.79","12.40","","9.63%"
"08/10/2015","12.57","12.26","13.91","12.26","","2.53%"
"08/07/2015","12.26","12.20","12.63","11.98","","0.49%"
"08/06/2015","12.20","11.36","12.48","10.19","","7.39%"
"08/05/2015","11.36","13.17","13.17","11.36","","-13.74%"
"08/04/2015","13.17","13.46","14.17","13.13","","-2.15%"
"08/03/2015","13.46","13.62","14.30","13.26","","-1.10%"
"07/31/2015","13.61","14.43","14.43","13.61","","-5.68%"
"07/30/2015","14.43","14.57","14.70","13.57","","-0.96%"
"07/29/2015","14.57","15.44","15.44","14.23","","-5.57%"
"07/28/2015","15.43","16.74","16.74","15.26","","-7.83%"
"07/27/2015","16.74","15.26","17.19","15.00","","9.77%"
"07/24/2015","15.25","13.38","15.29","12.83","","13.98%"
"07/23/2015","13.38","13.84","13.90","12.80","","-3.32%"
"07/22/2015","13.84","12.11","14.07","12.11","","14.38%"
"07/21/2015","12.10","11.48","12.22","10.71","","5.40%"
"07/20/2015","11.48","12.17","12.51","11.18","","-5.59%"
"07/17/2015","12.16","11.70","12.36","10.80","","3.93%"
"07/16/2015","11.70","12.79","12.82","11.34","","-8.52%"
"07/15/2015","12.79","12.79","13.89","12.34","","0.08%"
"07/14/2015","12.78","14.37","15.03","12.78","","-11.00%"
"07/13/2015","14.36","17.57","17.88","14.36","","-18.22%"
"07/10/2015","17.56","20.01","20.01","16.46","","-12.20%"
"07/09/2015","20.00","19.67","20.83","19.35","","1.68%"
"07/08/2015","19.67","19.19","20.25","17.95","","2.50%"
"07/07/2015","19.19","18.33","19.73","16.95","","4.75%"
"07/06/2015","18.32","19.24","20.22","17.80","","-4.78%"
"07/03/2015","19.24","17.21","20.48","16.93","","11.80%"
"07/02/2015","17.21","16.86","17.34","15.97","","2.08%"
"07/01/2015","16.86","19.06","19.06","16.46","","-11.50%"
"06/30/2015","19.05","17.70","19.34","15.24","","7.63%"
"06/29/2015","17.70","15.19","18.41","15.19","","16.52%"
"06/26/2015","15.19","14.02","15.96","13.45","","8.35%"
"06/25/2015","14.02","13.57","14.24","12.39","","3.32%"
"06/24/2015","13.57","13.24","13.67","12.54","","2.49%"
"06/23/2015","13.24","12.96","13.30","11.82","","2.16%"
"06/22/2015","12.96","15.81","15.81","12.71","","-18.03%"
"06/19/2015","15.81","14.89","15.81","14.05","","6.18%"
"06/18/2015","14.89","14.60","15.70","14.58","","1.99%"
"06/17/2015","14.60","15.45","15.45","14.15","","-5.50%"
"06/16/2015","15.45","15.78","16.64","15.26","","-2.09%"
"06/15/2015","15.78","14.40","16.07","14.40","","9.58%"
"06/12/2015","14.40","13.25","15.76","13.25","","8.68%"
"06/11/2015","13.25","14.83","14.87","13.07","","-10.65%"
"06/10/2015","14.83","15.52","15.74","14.31","","-4.45%"
"06/09/2015","15.52","15.81","16.18","15.14","","-1.83%"
"06/08/2015","15.81","15.77","16.38","15.59","","0.25%"
"06/05/2015","15.77","14.89","16.12","14.62","","5.91%"
"06/04/2015","14.89","14.26","15.90","14.26","","4.42%"
"06/03/2015","14.26","15.11","15.33","12.68","","-5.63%"
"06/02/2015","15.11","14.74","16.14","14.29","","2.51%"
"06/01/2015","14.74","13.81","14.78","13.21","","6.73%"
"05/29/2015","13.81","12.23","13.82","11.74","","12.92%"
"05/28/2015","12.23","12.54","12.74","11.52","","-2.47%"
"05/27/2015","12.54","13.40","13.47","12.39","","-6.42%"
"05/26/2015","13.40","10.74","13.67","10.74","","24.77%"
"05/25/2015","10.74","10.74","10.74","10.74","","0.00%"
"05/22/2015","10.74","10.97","11.05","10.21","","-2.10%"
"05/21/2015","10.97","11.42","11.80","10.89","","-3.94%"
"05/20/2015","11.42","12.10","12.18","11.39","","-5.62%"
"05/19/2015","12.10","13.38","13.38","11.83","","-9.57%"
"05/18/2015","13.38","13.41","13.92","13.02","","-0.22%"
"05/15/2015","13.41","13.64","14.12","12.61","","-1.69%"
"05/14/2015","13.64","14.44","15.08","13.49","","-5.54%"
"05/13/2015","14.44","14.37","15.12","13.60","","0.49%"
"05/12/2015","14.37","12.01","15.48","11.00","","19.65%"
"05/11/2015","12.01","11.90","14.64","11.80","","0.92%"
"05/08/2015","11.90","16.58","17.41","8.30","","-28.23%"
"05/07/2015","16.58","16.47","19.03","15.41","","0.67%"
"05/06/2015","16.47","17.66","18.14","15.90","","-6.74%"
"05/05/2015","17.66","17.67","17.67","15.16","","-0.06%"
"05/04/2015","17.67","17.67","17.67","17.67","","0.00%"
"04/30/2015","17.67","18.08","19.05","15.56","","-2.27%"
"04/29/2015","18.08","17.41","18.44","16.24","","3.85%"
"04/28/2015","17.41","15.93","18.09","15.65","","9.29%"
"04/27/2015","15.93","16.55","17.39","15.68","","-3.75%"
"04/24/2015","16.55","16.20","16.55","15.05","","2.16%"
"04/23/2015","16.20","16.41","16.93","15.15","","-1.28%"
"04/22/2015","16.41","16.04","17.98","15.33","","2.31%"
"04/21/2015","16.04","16.71","16.71","15.55","","-4.01%"
"04/20/2015","16.71","17.68","17.68","16.32","","-5.49%"
"04/17/2015","17.68","16.33","17.83","15.29","","8.27%"
"04/16/2015","16.33","15.77","16.58","14.71","","3.55%"
"04/15/2015","15.77","15.97","16.13","15.30","","-1.25%"
"04/14/2015","15.97","15.28","16.35","14.96","","4.52%"
"04/13/2015","15.28","14.31","15.98","14.31","","6.78%"
"04/10/2015","14.31","14.69","15.82","12.47","","-2.59%"
"04/09/2015","14.69","15.32","15.64","14.23","","-4.11%"
"04/08/2015","15.32","15.57","15.65","14.71","","-1.61%"
"04/07/2015","15.57","16.23","16.57","12.90","","-4.07%"
"04/02/2015","16.23","16.46","16.59","16.01","","-1.40%"
"04/01/2015","16.46","16.33","16.97","15.58","","0.80%"
"03/31/2015","16.33","14.60","16.86","14.44","","11.85%"
"03/30/2015","14.60","14.94","15.03","14.44","","-2.28%"
"03/27/2015","14.94","14.61","15.15","14.08","","2.26%"
"03/26/2015","14.61","13.28","15.74","13.28","","10.02%"
"03/25/2015","13.28","12.24","13.45","11.78","","8.50%"
"03/24/2015","12.24","12.63","12.88","11.82","","-3.09%"
"03/23/2015","12.63","12.03","13.47","12.03","","4.99%"
"03/20/2015","12.03","11.39","12.43","11.26","","5.62%"
"03/19/2015","11.39","12.90","12.93","11.39","","-11.71%"
"03/18/2015","12.90","14.22","14.35","12.58","","-9.28%"
"03/17/2015","14.22","14.60","15.12","14.01","","-2.60%"
"03/16/2015","14.60","14.64","15.28","14.46","","-0.27%"
"03/13/2015","14.64","13.98","14.99","13.47","","4.72%"
"03/12/2015","13.98","15.26","15.26","13.07","","-8.39%"
"03/11/2015","15.26","15.93","15.95","15.11","","-4.21%"
"03/10/2015","15.93","12.82","16.23","12.82","","24.26%"
"03/09/2015","12.82","11.80","13.56","11.80","","8.64%"
"03/06/2015","11.80","11.65","12.01","11.55","","1.29%"
"03/05/2015","11.65","12.96","12.96","11.51","","-10.11%"
"03/04/2015","12.96","13.21","13.97","12.83","","-1.89%"
"03/03/2015","13.21","12.25","13.23","11.73","","7.84%"
"03/02/2015","12.25","11.87","12.67","11.82","","3.20%"
"02/27/2015","11.87","11.67","12.31","11.35","","1.71%"
"02/26/2015","11.67","11.54","11.91","11.07","","1.13%"
"02/25/2015","11.54","11.63","12.18","11.38","","-0.77%"
"02/24/2015","11.63","12.70","12.70","11.24","","-8.43%"
"02/23/2015","12.70","13.57","13.66","11.32","","-6.41%"
"02/20/2015","13.57","13.77","14.38","13.15","","-1.45%"
"02/19/2015","13.77","14.24","15.13","13.54","","-3.30%"
"02/18/2015","14.24","14.43","14.64","13.77","","-1.32%"
"02/17/2015","14.43","15.35","16.17","14.13","","-5.99%"
"02/16/2015","15.35","14.53","15.69","14.53","","5.64%"
"02/13/2015","14.53","15.54","17.54","14.03","","-6.50%"
"02/12/2015","15.54","16.41","16.41","14.91","","-5.30%"
"02/11/2015","16.41","15.61","17.13","14.98","","5.12%"
"02/10/2015","15.61","15.62","16.86","15.01","","-0.06%"
"02/09/2015","15.62","15.16","17.85","15.16","","3.03%"
"02/06/2015","15.16","14.71","15.25","13.75","","3.06%"
"02/05/2015","14.71","15.64","16.52","14.60","","-5.95%"
"02/04/2015","15.64","15.81","16.86","15.10","","-1.08%"
"02/03/2015","15.81","17.53","17.53","15.38","","-10.58%"
"02/02/2015","17.68","16.44","18.07","14.72","","7.54%"
"01/30/2015","16.44","15.13","16.72","13.96","","8.66%"
"01/29/2015","15.13","14.49","16.17","14.39","","4.42%"
"01/28/2015","14.49","14.20","15.14","13.27","","2.04%"
"01/27/2015","14.20","13.58","15.11","11.47","","4.57%"
"01/26/2015","13.58","14.21","15.31","13.55","","-4.43%"
"01/23/2015","14.21","14.45","14.59","13.43","","-1.66%"
"01/22/2015","14.45","15.44","15.44","14.09","","-6.41%"
"01/21/2015","15.44","17.18","17.18","14.96","","-10.13%"
"01/20/2015","17.18","18.91","18.91","16.40","","-9.15%"
"01/19/2015","18.91","20.30","20.82","18.67","","-6.85%"
"01/16/2015","20.30","20.38","21.72","19.41","","-0.39%"
"01/15/2015","20.38","20.68","23.98","18.20","","-1.45%"
"01/14/2015","20.68","17.62","23.10","17.62","","17.37%"
"01/13/2015","17.62","19.39","20.54","17.62","","-9.13%"
"01/12/2015","19.39","18.52","21.64","15.44","","4.70%"
"01/09/2015","18.52","17.07","19.42","14.67","","8.49%"
"01/08/2015","17.07","20.04","20.04","13.36","","-14.82%"
"01/07/2015","20.04","21.35","21.35","16.86","","-6.14%"
"01/06/2015","21.35","21.98","23.43","17.61","","-2.87%"
"01/05/2015","21.98","18.61","21.98","16.60","","18.11%"
"01/02/2015","18.61","17.96","19.91","15.33","","3.62%"
"12/31/2014","17.96","17.95","18.42","15.64","","0.06%"
"12/30/2014","17.95","17.01","18.99","15.59","","5.53%"
"12/29/2014","17.01","16.29","18.51","13.20","","4.42%"
"12/24/2014","16.29","17.05","17.05","13.86","","-4.46%"
"12/23/2014","17.05","16.31","17.23","14.41","","4.54%"
"12/22/2014","16.31","15.80","16.98","13.57","","3.23%"
"12/19/2014","15.80","16.07","17.82","13.48","","-1.68%"
"12/18/2014","16.07","19.53","19.53","10.56","","-17.72%"
"12/17/2014","19.53","18.43","22.07","18.43","","5.97%"
"12/16/2014","18.43","24.84","25.96","18.21","","-25.81%"
"12/15/2014","24.84","21.32","26.90","20.51","","16.51%"
"12/12/2014","21.32","16.21","22.00","15.71","","31.52%"
"12/11/2014","16.21","16.44","19.78","14.58","","-1.40%"
"12/10/2014","16.44","15.73","16.46","13.54","","4.51%"
"12/09/2014","15.73","11.71","16.21","11.71","","34.33%"
"12/08/2014","11.71","10.69","11.72","10.40","","9.54%"
"12/05/2014","10.69","12.11","12.11","10.53","","-11.73%"
"12/04/2014","12.11","12.32","12.35","11.42","","-1.70%"
"12/03/2014","12.32","12.45","12.69","11.57","","-1.04%"
"12/02/2014","12.45","13.23","13.23","10.29","","-5.90%"
"12/01/2014","13.23","10.90","13.44","10.90","","21.38%"
"11/28/2014","10.90","11.67","12.55","10.74","","-6.60%"
"11/27/2014","11.67","11.60","11.69","10.60","","0.60%"
"11/26/2014","11.60","11.10","12.01","10.11","","4.50%"
"11/25/2014","11.10","11.80","12.20","10.50","","-5.93%"
"11/24/2014","11.80","11.62","12.46","11.06","","1.55%"
"11/21/2014","11.62","12.28","12.28","10.52","","-5.37%"
"11/20/2014","12.28","12.71","13.39","11.29","","-3.38%"
"11/19/2014","12.71","12.02","13.07","11.96","","5.74%"
"11/18/2014","12.02","11.89","12.45","11.10","","1.09%"
"11/17/2014","11.89","11.40","14.09","9.30","","4.30%"
"11/14/2014","11.40","11.67","12.71","10.97","","-2.31%"
"11/13/2014","11.67","12.31","12.51","10.58","","-5.20%"
"11/12/2014","12.31","11.81","12.83","9.69","","4.23%"
"11/11/2014","11.81","12.27","12.30","11.44","","-3.75%"
"11/10/2014","12.27","12.56","12.87","11.87","","-2.31%"
"11/07/2014","12.56","12.88","13.23","10.30","","-2.48%"
"11/06/2014","12.88","14.38","14.56","12.57","","-10.43%"
"11/05/2014","14.38","15.61","15.61","14.11","","-7.88%"
"11/04/2014","15.61","14.61","15.68","14.07","","6.84%"
"11/03/2014","14.61","14.16","14.72","14.03","","3.18%"
"10/31/2014","14.16","14.89","14.89","12.94","","-4.90%"
"10/30/2014","14.89","14.49","16.24","13.18","","2.76%"
"10/29/2014","14.49","15.16","15.16","13.77","","-4.42%"
"10/28/2014","15.16","17.11","17.11","15.13","","-11.40%"
"10/27/2014","17.11","15.74","17.55","14.02","","8.70%"
"10/24/2014","15.74","15.39","17.29","15.33","","2.27%"
"10/23/2014","15.39","15.50","17.42","13.57","","-0.71%"
"10/22/2014","15.50","16.54","16.80","15.49","","-6.29%"
"10/21/2014","16.54","19.72","20.58","16.45","","-16.13%"
"10/20/2014","19.72","19.56","21.07","17.92","","0.82%"
"10/17/2014","19.56","25.51","25.51","19.07","","-23.32%"
"10/16/2014","25.51","23.83","34.13","20.98","","7.05%"
"10/15/2014","23.83","17.99","25.87","17.99","","32.46%"
"10/14/2014","17.99","18.43","26.36","17.95","","-2.39%"
"10/13/2014","18.43","19.26","20.72","18.07","","-4.31%"
"10/10/2014","19.26","15.66","19.66","15.66","","22.99%"
"10/09/2014","15.66","15.74","17.44","13.66","","-0.51%"
"10/08/2014","15.74","15.88","16.59","15.73","","-0.88%"
"10/07/2014","15.88","14.83","16.65","14.78","","7.08%"
"10/06/2014","14.83","15.82","15.97","14.27","","-6.26%"
"10/03/2014","15.82","17.17","17.17","14.39","","-7.86%"
"10/02/2014","17.17","15.34","17.18","15.02","","11.93%"
"10/01/2014","15.34","13.87","15.81","11.59","","10.60%"
"09/30/2014","13.87","14.26","14.43","11.46","","-2.73%"
"09/29/2014","14.26","14.01","15.20","12.37","","1.78%"
"09/26/2014","14.01","13.93","14.33","11.57","","0.57%"
"09/25/2014","13.93","13.02","14.22","10.22","","6.99%"
"09/24/2014","13.02","13.67","14.17","12.91","","-4.75%"
"09/23/2014","13.67","11.63","14.03","11.56","","17.54%"
"09/22/2014","11.63","10.35","11.69","10.35","","12.37%"
"09/19/2014","10.35","14.91","19.44","10.04","","-30.58%"
"09/18/2014","14.91","14.82","15.47","14.13","","0.61%"
"09/17/2014","14.82","14.88","15.37","13.79","","-0.40%"
"09/16/2014","14.88","15.35","16.85","14.88","","-3.06%"
"09/15/2014","15.35","15.30","15.77","14.61","","0.33%"
"09/12/2014","15.30","15.45","15.45","13.91","","-0.97%"
"09/11/2014","15.45","15.58","16.43","14.17","","-0.83%"
"09/10/2014","15.58","15.77","16.43","15.42","","-1.20%"
"09/09/2014","15.77","15.81","16.52","15.15","","-0.25%"
"09/08/2014","15.81","13.00","18.66","13.00","","21.62%"
"09/05/2014","13.00","12.41","14.18","12.13","","4.75%"
"09/04/2014","12.41","11.64","12.44","10.85","","6.62%"
"09/03/2014","11.64","12.33","12.33","10.96","","-5.60%"
"09/02/2014","12.33","11.50","12.37","10.78","","7.22%"
"09/01/2014","11.50","11.30","36.32","11.26","","1.77%"
"08/29/2014","11.30","11.32","12.13","10.56","","-0.18%"
"08/28/2014","11.32","10.14","11.44","9.42","","11.64%"
"08/27/2014","10.14","10.32","10.94","10.09","","-1.74%"
"08/26/2014","10.32","10.49","11.08","10.10","","-1.62%"
"08/25/2014","10.49","10.49","10.49","10.49","","0.00%"
"08/22/2014","10.49","10.49","11.58","8.62","","0.00%"
"08/21/2014","10.49","11.17","11.17","8.94","","-6.09%"
"08/20/2014","11.17","10.52","11.68","8.81","","6.18%"
"08/19/2014","10.52","11.21","11.21","10.15","","-6.16%"
"08/18/2014","11.21","13.84","13.84","11.04","","-19.00%"
"08/15/2014","13.84","11.88","13.84","10.35","","16.50%"
"08/14/2014","11.88","12.39","13.14","11.43","","-4.12%"
"08/13/2014","12.39","14.01","14.01","12.26","","-11.56%"
"08/12/2014","14.01","13.87","14.44","13.49","","1.01%"
"08/11/2014","13.87","15.52","15.55","13.54","","-10.63%"
"08/08/2014","15.52","14.89","17.36","14.79","","4.23%"
"08/07/2014","14.89","14.44","15.57","13.36","","3.12%"
"08/06/2014","14.44","13.88","15.45","11.77","","4.03%"
"08/05/2014","13.88","14.48","14.48","11.02","","-4.14%"
"08/04/2014","14.48","15.08","15.15","13.97","","-3.98%"
"08/01/2014","15.08","13.87","16.01","13.29","","8.72%"
"07/31/2014","13.87","12.56","14.21","11.90","","10.43%"
"07/30/2014","12.56","11.71","12.96","11.46","","7.26%"
"07/29/2014","11.71","11.84","11.84","9.89","","-1.10%"
"07/28/2014","11.84","11.58","12.47","11.55","","2.25%"
"07/25/2014","11.58","11.28","11.66","10.51","","2.66%"
"07/24/2014","11.28","11.28","11.28","11.28","","0.00%"
"07/23/2014","11.28","11.39","11.62","9.51","","-0.97%"
"07/22/2014","11.39","12.70","12.70","11.10","","-10.31%"
"07/21/2014","12.70","12.20","13.12","12.19","","4.10%"
"07/18/2014","12.20","12.46","13.71","12.01","","-2.09%"
"07/17/2014","12.46","11.19","12.65","10.96","","11.35%"
"07/16/2014","11.19","12.15","12.15","10.86","","-7.90%"
"07/15/2014","12.15","11.06","12.30","10.86","","9.86%"
"07/14/2014","11.06","12.08","12.08","10.92","","-8.44%"
"07/11/2014","12.08","12.74","13.05","11.69","","-5.18%"
"07/10/2014","12.74","11.94","13.96","11.22","","6.70%"
"07/09/2014","11.94","12.49","13.18","11.91","","-4.40%"
"07/08/2014","12.49","10.91","12.49","10.31","","14.48%"
"07/07/2014","10.91","9.91","11.52","7.93","","10.09%"
"07/04/2014","9.91","9.67","9.91","9.28","","2.48%"
"07/03/2014","9.67","10.45","10.57","9.06","","-7.46%"
"07/02/2014","10.45","10.30","10.81","10.04","","1.46%"
"07/01/2014","10.30","11.27","11.35","10.29","","-8.61%"
"06/30/2014","11.27","11.42","12.08","11.26","","-1.31%"
"06/27/2014","11.42","11.68","11.80","11.02","","-2.23%"
"06/26/2014","11.68","11.93","12.46","11.49","","-2.10%"
"06/25/2014","11.93","10.98","12.49","10.98","","8.65%"
"06/24/2014","10.98","11.05","11.46","10.67","","-0.63%"
"06/23/2014","11.05","10.00","11.62","10.00","","10.50%"
"06/20/2014","10.00","11.42","11.42","9.88","","-12.43%"
"06/19/2014","11.42","12.61","12.61","10.78","","-9.44%"
"06/18/2014","12.61","12.48","12.69","11.56","","1.04%"
"06/17/2014","12.48","13.17","13.17","11.19","","-5.24%"
"06/16/2014","13.17","12.41","13.36","12.30","","6.12%"
"06/13/2014","12.41","10.40","13.36","10.07","","19.33%"
"06/12/2014","10.40","10.91","10.91","9.64","","-4.67%"
"06/11/2014","10.91","10.46","11.24","9.95","","4.30%"
"06/10/2014","10.46","10.69","11.12","10.20","","-2.15%"
"06/09/2014","10.69","10.89","11.00","10.34","","-1.84%"
"06/06/2014","10.89","11.17","11.31","10.58","","-2.51%"
"06/05/2014","11.17","12.39","12.47","8.65","","-9.85%"
"06/04/2014","12.39","12.26","12.91","11.86","","1.06%"
"06/03/2014","12.26","11.49","12.37","9.00","","6.70%"
"06/02/2014","11.49","11.42","11.99","10.95","","0.61%"
"05/30/2014","11.42","10.94","11.45","10.69","","4.39%"
"05/29/2014","10.94","11.46","11.46","9.72","","-4.54%"
"05/28/2014","11.46","11.51","11.59","11.01","","-0.43%"
"05/27/2014","11.51","11.04","11.51","10.54","","4.26%"
"05/26/2014","11.04","11.04","11.04","11.04","","0.00%"
"05/23/2014","11.04","11.25","11.83","10.90","","-1.87%"
"05/22/2014","11.25","11.11","11.47","8.59","","1.26%"
"05/21/2014","11.11","12.45","12.83","10.96","","-10.76%"
"05/20/2014","12.45","12.38","13.19","12.13","","-1.19%"
"05/19/2014","12.60","11.82","13.10","11.82","","6.60%"
"05/16/2014","11.82","12.21","12.33","9.41","","-3.19%"
"05/15/2014","12.21","10.70","12.88","10.41","","14.11%"
"05/14/2014","10.70","10.54","10.93","10.51","","1.52%"
"05/13/2014","10.54","10.54","10.54","10.54","","0.00%"
"05/12/2014","10.54","10.54","10.54","10.54","","0.00%"
"05/09/2014","10.54","11.01","11.70","10.52","","-4.27%"
"05/08/2014","11.01","12.34","12.34","8.64","","-10.78%"
"05/07/2014","12.34","12.13","12.77","12.13","","1.73%"
"05/06/2014","12.13","11.83","12.49","10.66","","2.54%"
"05/05/2014","11.83","11.83","11.83","11.83","","0.00%"
"05/02/2014","11.83","11.36","11.88","11.22","","-0.17%"
"04/30/2014","11.85","12.06","12.95","11.79","","-1.74%"
"04/29/2014","12.06","12.74","13.21","11.97","","-5.34%"
"04/28/2014","12.74","13.05","13.14","12.49","","-2.38%"
"04/25/2014","13.05","12.50","13.57","12.32","","4.40%"
"04/24/2014","12.50","12.77","13.54","10.11","","-2.11%"
"04/23/2014","12.77","12.54","12.89","12.04","","1.83%"
"04/22/2014","12.54","13.75","13.75","10.49","","-2.18%"
"04/17/2014","12.82","13.02","13.19","12.19","","-1.54%"
"04/16/2014","13.02","14.37","14.37","12.96","","-9.39%"
"04/15/2014","14.37","13.41","14.40","12.91","","7.16%"
"04/14/2014","13.41","13.11","14.76","13.11","","2.29%"
"04/11/2014","13.11","11.84","13.49","11.84","","10.73%"
"04/10/2014","11.84","11.86","12.26","11.27","","-0.17%"
"04/09/2014","11.86","12.85","12.85","11.51","","-7.70%"
"04/08/2014","12.85","12.76","13.64","10.62","","0.71%"
"04/07/2014","12.76","11.68","12.81","11.68","","9.25%"
"04/04/2014","11.68","12.06","12.06","11.39","","-3.15%"
"04/03/2014","12.06","12.51","12.67","11.41","","-3.60%"
"04/02/2014","12.51","12.81","12.84","12.32","","-2.34%"
"04/01/2014","12.81","13.04","13.04","12.44","","-1.76%"
"03/31/2014","13.04","12.36","13.19","12.14","","5.50%"
"03/28/2014","12.36","13.04","13.04","11.99","","-5.21%"
"03/27/2014","13.04","13.10","13.45","13.01","","-0.46%"
"03/26/2014","13.10","12.89","13.13","12.41","","1.63%"
"03/25/2014","12.89","13.74","13.74","12.60","","-6.19%"
"03/24/2014","13.74","12.59","13.94","12.59","","9.13%"
"03/21/2014","12.59","13.55","14.41","11.38","","-7.08%"
"03/20/2014","13.55","14.10","15.13","13.55","","-3.90%"
"03/19/2014","14.10","14.17","14.54","13.76","","-0.49%"
"03/18/2014","14.17","15.10","15.44","13.47","","-6.16%"
"03/17/2014","15.10","16.90","16.90","14.96","","-10.65%"
"03/14/2014","16.90","15.99","17.49","15.65","","5.69%"
"03/13/2014","15.99","15.06","16.13","14.61","","6.18%"
"03/12/2014","15.06","14.63","16.10","12.60","","2.94%"
"03/11/2014","14.63","15.16","15.16","14.21","","-3.50%"
"03/10/2014","15.16","14.81","15.59","14.43","","2.36%"
"03/07/2014","14.81","13.80","15.30","13.44","","7.32%"
"03/06/2014","13.80","14.60","14.60","10.93","","-5.48%"
"03/05/2014","14.60","16.77","16.77","14.28","","-12.94%"
"03/04/2014","16.77","16.77","16.77","16.77","","0.00%"
"03/03/2014","16.77","13.07","17.14","13.07","","28.31%"
"02/28/2014","13.07","13.30","13.79","12.83","","-1.73%"
"02/27/2014","13.30","13.59","15.05","12.88","","-2.13%"
"02/26/2014","13.59","13.82","14.18","13.43","","-1.66%"
"02/25/2014","13.82","13.87","14.62","13.69","","-0.36%"
"02/24/2014","13.87","15.86","15.90","13.79","","-12.55%"
"02/21/2014","15.86","15.51","16.23","14.18","","2.26%"
"02/20/2014","15.51","15.39","16.22","13.99","","0.78%"
"02/19/2014","15.39","15.10","15.93","14.90","","1.92%"
"02/18/2014","15.10","14.77","15.45","14.77","","2.23%"
"02/17/2014","14.77","14.30","15.13","14.20","","3.29%"
"02/14/2014","14.30","15.02","15.15","12.93","","-4.79%"
"02/13/2014","15.02","15.18","16.36","14.96","","-1.05%"
"02/12/2014","15.18","15.11","15.34","13.48","","0.46%"
"02/11/2014","15.11","16.02","16.02","15.02","","-5.68%"
"02/10/2014","16.02","16.24","16.83","16.01","","-1.35%"
"02/07/2014","16.24","16.81","17.95","16.04","","-3.39%"
"02/06/2014","16.81","18.55","18.55","16.67","","-9.38%"
"02/05/2014","18.55","18.64","19.12","17.95","","-0.48%"
"02/04/2014","18.64","19.68","20.27","16.60","","-5.28%"
"02/03/2014","19.68","18.23","19.78","15.40","","7.95%"
"01/31/2014","18.23","16.32","20.64","16.32","","11.70%"
"01/30/2014","16.32","17.43","18.79","16.31","","-6.37%"
"01/29/2014","17.43","16.11","19.67","14.78","","8.19%"
"01/28/2014","16.11","16.95","16.95","15.88","","-4.96%"
"01/27/2014","16.95","16.04","17.66","16.04","","5.67%"
"01/24/2014","16.04","12.85","16.04","12.77","","24.82%"
"01/23/2014","12.85","12.26","13.38","10.85","","4.81%"
"01/22/2014","12.26","12.04","12.46","11.90","","1.83%"
"01/21/2014","12.04","11.59","12.11","10.56","","3.88%"
"01/20/2014","11.59","11.67","12.28","11.42","","-0.69%"
"01/17/2014","11.67","11.79","11.81","10.94","","-1.02%"
"01/16/2014","11.79","12.23","12.29","11.60","","-3.60%"
"01/15/2014","12.23","11.90","12.29","11.65","","2.77%"
"01/14/2014","11.90","11.73","12.86","11.70","","1.45%"
"01/13/2014","11.73","10.81","11.97","10.81","","8.51%"
"01/10/2014","10.81","11.09","13.37","9.98","","-2.52%"
"01/09/2014","11.09","12.72","12.72","10.42","","-12.81%"
"01/08/2014","12.72","12.77","13.12","10.52","","-0.39%"
"01/07/2014","12.77","13.29","13.35","10.24","","-3.91%"
"01/06/2014","13.29","13.21","13.59","10.65","","0.61%"
"01/03/2014","13.21","13.46","13.46","10.74","","-1.86%"
"01/02/2014","13.46","12.49","13.49","10.19","","9.79%"